lam,Sum,NeI,NeII
515.3,1.892e+2,1.892e+2,
515.4,1.775e+2,1.775e+2,
515.5,1.553e+2,1.553e+2,
515.7,9.634e+1,9.634e+1,
515.8,6.835e+1,6.835e+1,
515.9,4.523e+1,4.523e+1,
516,2.792e+1,2.792e+1,
516.2,8.628e+0,8.628e+0,
516.3,4.319e+0,4.319e+0,
516.4,2.015e+0,2.015e+0,
516.6,3.549e-1,3.549e-1,
516.7,1.339e-1,1.339e-1,
516.8,4.703e-2,4.703e-2,
516.9,1.537e-2,1.537e-2,
517.1,1.326e-3,1.326e-3,
517.2,3.620e-4,3.620e-4,
517.3,1.490e-4,1.490e-4,
517.5,1.075e-3,1.075e-3,
517.6,3.920e-3,3.920e-3,
517.7,1.332e-2,1.332e-2,
517.8,4.206e-2,4.206e-2,
518,3.354e-1,3.354e-1,
518.1,8.476e-1,8.476e-1,
518.2,1.989e+0,1.989e+0,
518.4,8.764e+0,8.764e+0,
518.5,1.646e+1,1.646e+1,
518.6,2.871e+1,2.871e+1,
518.7,4.650e+1,4.650e+1,
518.9,9.766e+1,9.766e+1,
519,1.267e+2,1.267e+2,
519.1,1.528e+2,1.528e+2,
519.3,1.795e+2,1.795e+2,
519.4,1.765e+2,1.765e+2,
519.5,1.650e+2,1.650e+2,
519.7,1.392e+2,1.392e+2,
519.8,1.375e+2,1.375e+2,
519.9,1.488e+2,1.488e+2,
520,1.731e+2,1.731e+2,
520.2,2.432e+2,2.432e+2,
520.3,2.753e+2,2.753e+2,
520.4,2.967e+2,2.967e+2,
520.6,2.961e+2,2.961e+2,
520.7,2.755e+2,2.755e+2,
520.8,2.457e+2,2.457e+2,
520.9,2.104e+2,2.104e+2,
521.1,1.367e+2,1.367e+2,
521.2,1.031e+2,1.031e+2,
521.3,7.406e+1,7.406e+1,
521.5,3.229e+1,3.229e+1,
521.6,1.944e+1,1.944e+1,
521.7,1.097e+1,1.097e+1,
521.8,5.781e+0,5.781e+0,
522,1.302e+0,1.302e+0,
522.1,5.551e-1,5.551e-1,
522.2,2.202e-1,2.202e-1,
522.4,2.785e-2,2.785e-2,
522.5,8.874e-3,8.874e-3,
522.6,2.628e-3,2.628e-3,
522.7,7.230e-4,7.230e-4,
522.9,4.389e-5,4.389e-5,
523,9.683e-6,9.683e-6,
523.1,1.985e-6,1.985e-6,
523.3,6.684e-8,6.684e-8,
523.4,1.098e-8,1.098e-8,
523.5,1.676e-9,1.676e-9,
523.6,2.377e-10,2.377e-10,
523.8,3.830e-12,3.830e-12,
523.9,4.354e-13,4.354e-13,
524,4.597e-14,4.597e-14,
529.8,1.216e-14,1.216e-14,
530,1.100e-12,1.100e-12,
530.1,9.409e-12,9.409e-12,
530.2,7.503e-11,7.503e-11,
530.3,5.576e-10,5.576e-10,
530.5,2.494e-8,2.494e-8,
530.6,1.501e-7,1.501e-7,
530.7,8.417e-7,8.417e-7,
530.9,2.144e-5,2.144e-5,
531,9.735e-5,9.735e-5,
531.1,4.120e-4,4.120e-4,
531.2,1.625e-3,1.625e-3,
531.4,2.048e-2,2.048e-2,
531.5,6.541e-2,6.541e-2,
531.6,1.947e-1,1.947e-1,
531.8,1.397e+0,1.397e+0,
531.9,3.368e+0,3.368e+0,
532,7.566e+0,7.566e+0,
532.1,1.584e+1,1.584e+1,
532.3,5.623e+1,5.623e+1,
532.4,9.534e+1,9.534e+1,
532.5,1.507e+2,1.507e+2,
532.7,3.050e+2,3.050e+2,
532.8,3.908e+2,3.908e+2,
532.9,4.677e+2,4.677e+2,
533,5.234e+2,5.234e+2,
533.2,5.464e+2,5.464e+2,
533.3,5.201e+2,5.201e+2,
533.4,4.852e+2,4.852e+2,
533.6,4.524e+2,4.524e+2,
533.7,4.740e+2,4.740e+2,
533.8,5.193e+2,5.193e+2,
533.9,5.762e+2,5.762e+2,
534.1,6.559e+2,6.559e+2,
534.2,6.504e+2,6.504e+2,
534.3,6.078e+2,6.078e+2,
534.5,4.394e+2,4.394e+2,
534.6,3.391e+2,3.391e+2,
534.7,2.453e+2,2.453e+2,
534.8,1.662e+2,1.662e+2,
535,6.282e+1,6.282e+1,
535.1,3.502e+1,3.502e+1,
535.2,1.829e+1,1.829e+1,
535.4,4.098e+0,4.098e+0,
535.5,1.758e+0,1.758e+0,
535.6,7.055e-1,7.055e-1,
535.7,2.650e-1,2.650e-1,
535.9,3.062e-2,3.062e-2,
536,9.413e-3,9.413e-3,
536.1,2.705e-3,2.705e-3,
536.3,1.823e-4,1.823e-4,
536.4,4.273e-5,4.273e-5,
536.5,9.354e-6,9.354e-6,
536.7,3.650e-7,3.650e-7,
536.8,6.504e-8,6.504e-8,
536.9,1.082e-8,1.082e-8,
537,1.679e-9,1.679e-9,
537.2,3.286e-11,3.286e-11,
537.3,4.142e-12,4.142e-12,
537.4,4.871e-13,4.871e-13,
537.6,5.363e-15,5.363e-15,
552.9,6.940e-15,6.940e-15,
553,6.049e-14,6.049e-14,
553.1,4.942e-13,4.942e-13,
553.3,2.718e-11,2.718e-11,
553.4,1.829e-10,1.829e-10,
553.5,1.154e-9,1.154e-9,
553.7,3.784e-8,3.784e-8,
553.8,1.967e-7,1.967e-7,
553.9,9.582e-7,9.582e-7,
554,4.376e-6,4.376e-6,
554.2,7.519e-5,7.519e-5,
554.3,2.829e-4,2.829e-4,
554.4,9.975e-4,9.975e-4,
554.6,1.022e-2,1.022e-2,
554.7,2.969e-2,2.969e-2,
554.8,8.084e-2,8.084e-2,
554.9,2.064e-1,2.064e-1,
555.1,1.108e+0,1.108e+0,
555.2,2.329e+0,2.329e+0,
555.3,4.592e+0,4.592e+0,
555.5,1.470e+1,1.470e+1,
555.6,2.386e+1,2.386e+1,
555.7,3.632e+1,3.632e+1,
555.8,5.183e+1,5.183e+1,
556,8.692e+1,8.692e+1,
556.1,1.022e+2,1.022e+2,
556.2,1.126e+2,1.126e+2,
556.4,1.126e+2,1.126e+2,
556.5,1.022e+2,1.022e+2,
556.6,8.692e+1,8.692e+1,
556.7,6.932e+1,6.932e+1,
556.9,3.632e+1,3.632e+1,
557,2.386e+1,2.386e+1,
557.1,1.470e+1,1.470e+1,
557.3,4.592e+0,4.592e+0,
557.4,2.329e+0,2.329e+0,
557.5,1.108e+0,1.108e+0,
557.6,4.938e-1,4.938e-1,
557.8,8.084e-2,8.084e-2,
557.9,2.969e-2,2.969e-2,
558,1.022e-2,1.022e-2,
558.2,9.975e-4,9.975e-4,
558.3,2.829e-4,2.829e-4,
558.4,7.519e-5,7.519e-5,
558.5,1.873e-5,1.873e-5,
558.7,9.582e-7,9.582e-7,
558.8,1.967e-7,1.967e-7,
558.9,3.784e-8,3.784e-8,
559.1,1.154e-9,1.154e-9,
559.2,1.829e-10,1.829e-10,
559.3,2.718e-11,2.718e-11,
559.4,3.785e-12,3.785e-12,
559.6,6.049e-14,6.049e-14,
559.7,6.940e-15,6.940e-15,
562.2,5.667e-15,5.667e-15,
562.3,4.897e-14,4.897e-14,
562.4,3.974e-13,3.974e-13,
562.5,3.030e-12,3.030e-12,
562.7,1.460e-10,1.460e-10,
562.8,9.232e-10,9.232e-10,
562.9,5.482e-9,5.482e-9,
563.1,1.602e-7,1.602e-7,
563.2,7.888e-7,7.888e-7,
563.3,3.648e-6,3.648e-6,
563.4,1.585e-5,1.585e-5,
563.6,2.479e-4,2.479e-4,
563.7,8.929e-4,8.929e-4,
563.8,3.021e-3,3.021e-3,
564,2.867e-2,2.867e-2,
564.1,8.040e-2,8.040e-2,
564.2,2.119e-1,2.119e-1,
564.3,5.244e-1,5.244e-1,
564.5,2.663e+0,2.663e+0,
564.6,5.465e+0,5.465e+0,
564.7,1.053e+1,1.053e+1,
564.9,3.245e+1,3.245e+1,
565,5.186e+1,5.186e+1,
565.1,7.785e+1,7.785e+1,
565.2,1.098e+2,1.098e+2,
565.4,1.810e+2,1.810e+2,
565.5,2.116e+2,2.116e+2,
565.6,2.324e+2,2.324e+2,
565.8,2.324e+2,2.324e+2,
565.9,2.116e+2,2.116e+2,
566,1.810e+2,1.810e+2,
566.1,1.455e+2,1.455e+2,
566.3,7.785e+1,7.785e+1,
566.4,5.186e+1,5.186e+1,
566.5,3.245e+1,3.245e+1,
566.7,1.053e+1,1.053e+1,
566.8,5.465e+0,5.465e+0,
566.9,2.663e+0,2.663e+0,
567,1.220e+0,1.220e+0,
567.2,2.184e-1,2.184e-1,
567.3,9.960e-2,9.960e-2,
567.4,8.186e-2,8.186e-2,
567.6,3.425e-1,3.425e-1,
567.7,7.825e-1,7.825e-1,
567.8,1.692e+0,1.692e+0,
567.9,3.443e+0,3.443e+0,
568.1,1.184e+1,1.184e+1,
568.2,2.002e+1,2.002e+1,
568.3,3.183e+1,3.183e+1,
568.5,6.679e+1,6.679e+1,
568.6,8.820e+1,8.820e+1,
568.7,1.095e+2,1.095e+2,
568.8,1.278e+2,1.278e+2,
569,1.446e+2,1.446e+2,
569.1,1.402e+2,1.402e+2,
569.2,1.278e+2,1.278e+2,
569.4,8.820e+1,8.820e+1,
569.5,6.679e+1,6.679e+1,
569.6,4.755e+1,4.755e+1,
569.7,3.183e+1,3.183e+1,
569.9,1.184e+1,1.184e+1,
570,6.588e+0,6.588e+0,
570.1,3.448e+0,3.448e+0,
570.3,8.253e-1,8.253e-1,
570.4,4.522e-1,4.522e-1,
570.5,4.123e-1,4.123e-1,
570.7,1.361e+0,1.361e+0,
570.8,2.717e+0,2.717e+0,
570.9,5.153e+0,5.153e+0,
571,9.208e+0,9.208e+0,
571.2,2.449e+1,2.449e+1,
571.3,3.644e+1,3.644e+1,
571.4,5.101e+1,5.101e+1,
571.6,8.319e+1,8.319e+1,
571.7,9.693e+1,9.693e+1,
571.8,1.062e+2,1.062e+2,
571.9,1.095e+2,1.095e+2,
572.1,9.693e+1,9.693e+1,
572.2,8.319e+1,8.319e+1,
572.3,6.716e+1,6.716e+1,
572.5,3.644e+1,3.644e+1,
572.6,2.449e+1,2.449e+1,
572.7,1.548e+1,1.548e+1,
572.8,9.209e+0,9.209e+0,
573,2.733e+0,2.733e+0,
573.1,1.406e+0,1.406e+0,
573.2,7.991e-1,7.991e-1,
573.4,1.184e+0,1.184e+0,
573.5,2.470e+0,2.470e+0,
573.6,5.186e+0,5.186e+0,
573.7,1.038e+1,1.038e+1,
573.9,3.480e+1,3.480e+1,
574,5.821e+1,5.821e+1,
574.1,9.165e+1,9.165e+1,
574.3,1.895e+2,1.895e+2,
574.4,2.488e+2,2.488e+2,
574.5,3.076e+2,3.076e+2,
574.6,3.579e+2,3.579e+2,
574.8,4.046e+2,4.046e+2,
574.9,3.938e+2,3.938e+2,
575,3.627e+2,3.627e+2,
575.2,2.725e+2,2.725e+2,
575.3,2.369e+2,2.369e+2,
575.4,2.250e+2,2.250e+2,
575.5,2.496e+2,2.496e+2,
575.7,4.486e+2,4.486e+2,
575.8,6.315e+2,6.315e+2,
575.9,8.625e+2,8.625e+2,
576.1,1.382e+3,1.382e+3,
576.2,1.604e+3,1.604e+3,
576.3,1.755e+3,1.755e+3,
576.4,1.808e+3,1.808e+3,
576.6,1.603e+3,1.603e+3,
576.7,1.379e+3,1.379e+3,
576.8,1.117e+3,1.117e+3,
577,6.120e+2,6.120e+2,
577.1,4.138e+2,4.138e+2,
577.2,2.635e+2,2.635e+2,
577.3,1.580e+2,1.580e+2,
577.5,4.740e+1,4.740e+1,
577.6,2.372e+1,2.372e+1,
577.7,1.118e+1,1.118e+1,
577.9,2.072e+0,2.072e+0,
578,8.153e-1,8.153e-1,
578.1,3.021e-1,3.021e-1,
578.2,1.055e-1,1.055e-1,
578.4,1.283e-2,1.283e-2,
578.5,9.888e-3,9.888e-3,
578.6,2.117e-2,2.117e-2,
578.8,1.529e-1,1.529e-1,
578.9,3.836e-1,3.836e-1,
579,9.072e-1,9.072e-1,
579.2,4.246e+0,4.246e+0,
579.3,8.404e+0,8.404e+0,
579.4,1.567e+1,1.567e+1,
579.5,2.755e+1,2.755e+1,
579.7,7.122e+1,7.122e+1,
579.8,1.047e+2,1.047e+2,
579.9,1.452e+2,1.452e+2,
580.1,2.335e+2,2.335e+2,
580.2,2.709e+2,2.709e+2,
580.3,2.962e+2,2.962e+2,
580.4,3.055e+2,3.055e+2,
580.6,2.739e+2,2.739e+2,
580.7,2.404e+2,2.404e+2,
580.8,2.042e+2,2.042e+2,
581,1.580e+2,1.580e+2,
581.1,1.646e+2,1.646e+2,
581.2,1.999e+2,1.999e+2,
581.3,2.677e+2,2.677e+2,
581.5,4.961e+2,4.961e+2,
581.6,6.404e+2,6.404e+2,
581.7,7.842e+2,7.842e+2,
581.9,9.909e+2,9.909e+2,
582,1.020e+3,1.020e+3,
582.1,9.906e+2,9.906e+2,
582.2,9.066e+2,9.066e+2,
582.4,6.361e+2,6.361e+2,
582.5,4.877e+2,4.877e+2,
582.6,3.525e+2,3.525e+2,
582.8,1.542e+2,1.542e+2,
582.9,9.337e+1,9.337e+1,
583,5.329e+1,5.329e+1,
583.1,2.868e+1,2.868e+1,
583.3,7.105e+0,7.105e+0,
583.4,3.589e+0,3.589e+0,
583.5,2.602e+0,2.602e+0,
583.7,8.437e+0,8.437e+0,
583.8,1.928e+1,1.928e+1,
583.9,4.227e+1,4.227e+1,
584,8.766e+1,8.766e+1,
584.2,3.167e+2,3.167e+2,
584.3,5.515e+2,5.515e+2,
584.4,9.060e+2,9.060e+2,
584.6,2.052e+3,2.052e+3,
584.7,2.829e+3,2.829e+3,
584.8,3.679e+3,3.679e+3,
584.9,4.513e+3,4.513e+3,
585.1,5.701e+3,5.701e+3,
585.2,5.870e+3,5.870e+3,
585.3,5.701e+3,5.701e+3,
585.5,4.513e+3,4.513e+3,
585.6,3.679e+3,3.679e+3,
585.7,2.829e+3,2.829e+3,
585.8,2.053e+3,2.053e+3,
586,9.094e+2,9.094e+2,
586.1,5.586e+2,5.586e+2,
586.2,3.305e+2,3.305e+2,
586.4,1.317e+2,1.317e+2,
586.5,1.148e+2,1.148e+2,
586.6,1.323e+2,1.323e+2,
586.7,1.756e+2,1.756e+2,
586.9,3.205e+2,3.205e+2,
587,4.176e+2,4.176e+2,
587.1,5.332e+2,5.332e+2,
587.3,8.563e+2,8.563e+2,
587.4,1.096e+3,1.096e+3,
587.5,1.413e+3,1.413e+3,
587.6,1.816e+3,1.816e+3,
587.8,2.830e+3,2.830e+3,
587.9,3.355e+3,3.355e+3,
588,3.801e+3,3.801e+3,
588.2,4.186e+3,4.186e+3,
588.3,4.050e+3,4.050e+3,
588.4,3.704e+3,3.704e+3,
588.6,2.613e+3,2.613e+3,
588.7,2.014e+3,2.014e+3,
588.8,1.467e+3,1.467e+3,
588.9,1.013e+3,1.013e+3,
589.1,4.284e+2,4.284e+2,
589.2,2.851e+2,2.851e+2,
589.3,2.211e+2,2.211e+2,
589.5,2.769e+2,2.769e+2,
589.6,3.766e+2,3.766e+2,
589.7,5.122e+2,5.122e+2,
589.8,6.723e+2,6.723e+2,
590,1.002e+3,1.002e+3,
590.1,1.134e+3,1.134e+3,
590.2,1.221e+3,1.221e+3,
590.4,1.226e+3,1.226e+3,
590.5,1.149e+3,1.149e+3,
590.6,1.032e+3,1.032e+3,
590.7,8.947e+2,8.947e+2,
590.9,6.217e+2,6.217e+2,
591,5.108e+2,5.108e+2,
591.1,4.249e+2,4.249e+2,
591.3,3.231e+2,3.231e+2,
591.4,2.975e+2,2.975e+2,
591.5,2.805e+2,2.805e+2,
591.6,2.668e+2,2.668e+2,
591.8,2.342e+2,2.342e+2,
591.9,2.119e+2,2.119e+2,
592,1.858e+2,1.858e+2,
592.2,1.275e+2,1.275e+2,
592.3,9.922e+1,9.922e+1,
592.4,7.375e+1,7.375e+1,
592.5,5.229e+1,5.229e+1,
592.7,2.322e+1,2.322e+1,
592.8,1.557e+1,1.557e+1,
592.9,1.271e+1,1.271e+1,
593.1,2.871e+1,2.871e+1,
593.2,5.798e+1,5.798e+1,
593.3,1.159e+2,1.159e+2,
593.4,2.215e+2,2.215e+2,
593.6,6.864e+2,6.864e+2,
593.7,1.110e+3,1.110e+3,
593.8,1.697e+3,1.697e+3,
594,3.347e+3,3.347e+3,
594.1,4.318e+3,4.318e+3,
594.2,5.264e+3,5.264e+3,
594.3,6.064e+3,6.064e+3,
594.5,6.791e+3,6.791e+3,
594.6,6.602e+3,6.602e+3,
594.7,6.064e+3,6.064e+3,
594.9,4.320e+3,4.320e+3,
595,3.350e+3,3.350e+3,
595.1,2.457e+3,2.457e+3,
595.2,1.707e+3,1.707e+3,
595.4,7.185e+2,7.185e+2,
595.5,4.543e+2,4.543e+2,
595.6,3.058e+2,3.058e+2,
595.8,2.392e+2,2.392e+2,
595.9,2.754e+2,2.754e+2,
596,3.352e+2,3.352e+2,
596.1,4.060e+2,4.060e+2,
596.3,5.397e+2,5.397e+2,
596.4,5.903e+2,5.903e+2,
596.5,6.300e+2,6.300e+2,
596.7,7.120e+2,7.120e+2,
596.8,7.828e+2,7.828e+2,
596.9,8.924e+2,8.924e+2,
597.1,1.243e+3,1.243e+3,
597.2,1.460e+3,1.460e+3,
597.3,1.672e+3,1.672e+3,
597.4,1.843e+3,1.843e+3,
597.6,1.947e+3,1.947e+3,
597.7,1.856e+3,1.856e+3,
597.8,1.682e+3,1.682e+3,
598,1.197e+3,1.197e+3,
598.1,9.549e+2,9.549e+2,
598.2,7.485e+2,7.485e+2,
598.3,5.923e+2,5.923e+2,
598.5,4.317e+2,4.317e+2,
598.6,4.079e+2,4.079e+2,
598.7,4.028e+2,4.028e+2,
598.9,3.990e+2,3.990e+2,
599,3.842e+2,3.842e+2,
599.1,3.571e+2,3.571e+2,
599.2,3.190e+2,3.190e+2,
599.4,2.247e+2,2.247e+2,
599.5,1.768e+2,1.768e+2,
599.6,1.333e+2,1.333e+2,
599.8,6.630e+1,6.630e+1,
599.9,4.367e+1,4.367e+1,
600,2.744e+1,2.744e+1,
600.1,1.644e+1,1.644e+1,
600.3,5.086e+0,5.086e+0,
600.4,2.622e+0,2.622e+0,
600.5,1.284e+0,1.284e+0,
600.7,2.638e-1,2.638e-1,
600.8,1.130e-1,1.130e-1,
600.9,5.385e-2,5.385e-2,
601,4.838e-2,4.838e-2,
601.2,2.614e-1,2.614e-1,
601.3,6.800e-1,6.800e-1,
601.4,1.684e+0,1.684e+0,
601.6,8.768e+0,8.768e+0,
601.7,1.842e+1,1.842e+1,
601.8,3.664e+1,3.664e+1,
601.9,6.898e+1,6.898e+1,
602.1,2.072e+2,2.072e+2,
602.2,3.308e+2,3.308e+2,
602.3,4.997e+2,4.997e+2,
602.5,9.668e+2,9.668e+2,
602.6,1.238e+3,1.238e+3,
602.7,1.501e+3,1.501e+3,
602.8,1.722e+3,1.722e+3,
603,1.923e+3,1.923e+3,
603.1,1.871e+3,1.871e+3,
603.2,1.722e+3,1.722e+3,
603.4,1.238e+3,1.238e+3,
603.5,9.668e+2,9.668e+2,
603.6,7.144e+2,7.144e+2,
603.7,4.997e+2,4.997e+2,
603.9,2.072e+2,2.072e+2,
604,1.229e+2,1.229e+2,
604.1,6.898e+1,6.898e+1,
604.3,1.842e+1,1.842e+1,
604.4,8.768e+0,8.768e+0,
604.5,3.949e+0,3.949e+0,
604.6,1.684e+0,1.684e+0,
604.8,2.595e-1,2.595e-1,
604.9,9.409e-2,9.409e-2,
605,3.323e-2,3.323e-2,
605.2,1.704e-2,1.704e-2,
605.3,4.535e-2,4.535e-2,
605.4,1.352e-1,1.352e-1,
605.6,1.059e+0,1.059e+0,
605.7,2.733e+0,2.733e+0,
605.8,6.685e+0,6.685e+0,
605.9,1.549e+1,1.549e+1,
606.1,7.065e+1,7.065e+1,
606.2,1.391e+2,1.391e+2,
606.3,2.595e+2,2.595e+2,
606.5,7.672e+2,7.672e+2,
606.6,1.216e+3,1.216e+3,
606.7,1.826e+3,1.826e+3,
606.8,2.598e+3,2.598e+3,
607,4.467e+3,4.467e+3,
607.1,5.400e+3,5.400e+3,
607.2,6.183e+3,6.183e+3,
607.4,6.891e+3,6.891e+3,
607.5,6.707e+3,6.707e+3,
607.6,6.184e+3,6.184e+3,
607.7,5.400e+3,5.400e+3,
607.9,3.504e+3,3.504e+3,
608,2.608e+3,2.608e+3,
608.1,1.851e+3,1.851e+3,
608.3,8.768e+2,8.768e+2,
608.4,6.732e+2,6.732e+2,
608.5,6.582e+2,6.582e+2,
608.6,8.407e+2,8.407e+2,
608.8,1.882e+3,1.882e+3,
608.9,2.783e+3,2.783e+3,
609,3.933e+3,3.933e+3,
609.2,6.726e+3,6.726e+3,
609.3,8.120e+3,8.120e+3,
609.4,9.289e+3,9.289e+3,
609.5,1.007e+4,1.007e+4,
609.7,1.007e+4,1.007e+4,
609.8,9.289e+3,9.289e+3,
609.9,8.119e+3,8.119e+3,
610.1,5.279e+3,5.279e+3,
610.2,3.926e+3,3.926e+3,
610.3,2.767e+3,2.767e+3,
610.4,1.848e+3,1.848e+3,
610.6,7.016e+2,7.016e+2,
610.7,3.987e+2,3.987e+2,
610.8,2.147e+2,2.147e+2,
611,5.299e+1,5.299e+1,
611.1,2.428e+1,2.428e+1,
611.2,1.054e+1,1.054e+1,
611.3,4.339e+0,4.339e+0,
611.5,6.252e-1,6.252e-1,
611.6,2.190e-1,2.190e-1,
611.7,7.291e-2,7.291e-2,
611.9,1.082e-2,1.082e-2,
612,1.589e-2,1.589e-2,
612.1,4.653e-2,4.653e-2,
612.2,1.439e-1,1.439e-1,
612.4,1.198e+0,1.198e+0,
612.5,3.194e+0,3.194e+0,
612.6,8.074e+0,8.074e+0,
612.8,4.402e+1,4.402e+1,
612.9,9.492e+1,9.492e+1,
613,1.941e+2,1.941e+2,
613.1,3.765e+2,3.765e+2,
613.3,1.208e+3,1.208e+3,
613.4,1.999e+3,1.999e+3,
613.5,3.137e+3,3.137e+3,
613.7,6.588e+3,6.588e+3,
613.8,8.818e+3,8.818e+3,
613.9,1.119e+4,1.119e+4,
614.1,1.539e+4,1.539e+4,
614.2,1.666e+4,1.666e+4,
614.3,1.712e+4,1.712e+4,
614.4,1.668e+4,1.668e+4,
614.6,1.351e+4,1.351e+4,
614.7,1.124e+4,1.124e+4,
614.8,8.876e+3,8.876e+3,
615,4.755e+3,4.755e+3,
615.1,3.251e+3,3.251e+3,
615.2,2.161e+3,2.161e+3,
615.3,1.454e+3,1.454e+3,
615.5,9.756e+2,9.756e+2,
615.6,1.106e+3,1.106e+3,
615.7,1.430e+3,1.430e+3,
615.9,2.507e+3,2.507e+3,
616,3.156e+3,3.156e+3,
616.1,3.785e+3,3.785e+3,
616.2,4.314e+3,4.314e+3,
616.4,4.793e+3,4.793e+3,
616.5,4.671e+3,4.671e+3,
616.6,4.321e+3,4.321e+3,
616.8,3.167e+3,3.167e+3,
616.9,2.515e+3,2.515e+3,6.620e-46
617,1.905e+3,1.905e+3,4.404e-45
617.1,1.384e+3,1.384e+3,2.787e-44
617.3,6.777e+2,6.777e+2,9.524e-43
617.4,4.817e+2,4.817e+2,5.150e-42
617.5,3.666e+2,3.666e+2,2.645e-41
617.7,2.949e+2,2.949e+2,5.968e-40
617.8,3.023e+2,3.023e+2,2.623e-39
617.9,3.199e+2,3.199e+2,1.095e-38
618,3.376e+2,3.376e+2,4.339e-38
618.2,3.458e+2,3.458e+2,5.836e-37
618.3,3.298e+2,3.298e+2,1.981e-36
618.4,3.005e+2,3.005e+2,6.384e-36
618.6,2.159e+2,2.159e+2,5.683e-35
618.7,1.698e+2,1.698e+2,1.569e-34
618.8,1.269e+2,1.269e+2,4.118e-34
618.9,9.015e+1,9.015e+1,1.026e-33
619.1,3.910e+1,3.910e+1,5.473e-33
619.2,2.406e+1,2.406e+1,1.171e-32
619.3,1.449e+1,1.449e+1,2.381e-32
619.5,6.831e+0,6.831e+0,8.467e-32
619.6,7.023e+0,7.023e+0,1.481e-31
619.7,9.322e+0,9.322e+0,2.466e-31
619.8,1.365e+1,1.365e+1,3.908e-31
620,2.888e+1,2.888e+1,8.480e-31
620.1,4.031e+1,4.031e+1,1.162e-30
620.2,5.504e+1,5.504e+1,1.518e-30
620.4,1.010e+2,1.010e+2,2.250e-30
620.5,1.393e+2,1.393e+2,2.556e-30
620.6,1.960e+2,1.960e+2,2.773e-30
620.7,2.800e+2,2.800e+2,2.876e-30
620.9,5.692e+2,5.692e+2,2.703e-30
621,7.885e+2,7.885e+2,2.451e-30
621.1,1.057e+3,1.057e+3,2.126e-30
621.3,1.682e+3,1.682e+3,1.400e-30
621.4,1.981e+3,1.981e+3,1.063e-30
621.5,2.225e+3,2.225e+3,7.711e-31
621.6,2.378e+3,2.378e+3,5.347e-31
621.8,2.340e+3,2.340e+3,2.240e-31
621.9,2.152e+3,2.152e+3,1.352e-31
622,1.881e+3,1.881e+3,7.790e-32
622.2,1.233e+3,1.233e+3,2.240e-32
622.3,9.245e+2,9.245e+2,1.117e-32
622.4,6.586e+2,6.586e+2,5.309e-33
622.6,2.865e+2,2.865e+2,1.034e-33
622.7,1.750e+2,1.750e+2,4.240e-34
622.8,1.015e+2,1.015e+2,1.653e-34
622.9,5.591e+1,5.591e+1,6.132e-35
623.1,1.463e+1,1.463e+1,7.257e-36
623.2,7.068e+0,7.068e+0,2.315e-36
623.3,3.519e+0,3.519e+0,7.018e-37
623.5,2.221e+0,2.221e+0,5.542e-38
623.6,3.255e+0,3.255e+0,1.443e-38
623.7,5.301e+0,5.301e+0,3.571e-39
623.8,8.532e+0,8.532e+0,8.399e-40
624,1.932e+1,1.932e+1,3.986e-41
624.1,2.695e+1,2.695e+1,8.044e-42
624.2,3.573e+1,3.573e+1,1.547e-42
624.4,5.387e+1,5.387e+1,1.977e-43
624.5,6.130e+1,6.130e+1,7.840e-43
624.6,6.639e+1,6.639e+1,3.840e-42
624.7,6.863e+1,6.863e+1,1.805e-41
624.9,6.639e+1,6.639e+1,3.427e-40
625,6.588e+1,6.588e+1,1.384e-39
625.1,7.152e+1,7.152e+1,5.310e-39
625.3,1.374e+2,1.374e+2,6.717e-38
625.4,2.280e+2,2.280e+2,2.214e-37
625.5,3.880e+2,3.880e+2,6.937e-37
625.6,6.484e+2,6.484e+2,2.066e-36
625.8,1.604e+3,1.604e+3,1.573e-35
625.9,2.347e+3,2.347e+3,4.024e-35
626,3.266e+3,3.266e+3,9.784e-35
626.2,5.434e+3,5.434e+3,4.969e-34
626.3,6.495e+3,6.495e+3,1.038e-33
626.4,7.377e+3,7.377e+3,2.062e-33
626.5,7.962e+3,7.962e+3,3.895e-33
626.7,7.962e+3,7.962e+3,1.196e-32
626.8,7.376e+3,7.376e+3,1.946e-32
626.9,6.495e+3,6.495e+3,3.015e-32
627.1,4.321e+3,4.321e+3,6.273e-32
627.2,3.265e+3,3.265e+3,8.446e-32
627.3,2.345e+3,2.345e+3,1.089e-31
627.4,1.601e+3,1.601e+3,1.348e-31
627.6,6.399e+2,6.399e+2,1.858e-31
627.7,3.749e+2,3.749e+2,2.089e-31
627.8,2.087e+2,2.087e+2,2.301e-31
628,5.552e+1,5.552e+1,2.681e-31
628.1,2.653e+1,2.653e+1,2.863e-31
628.2,1.205e+1,1.205e+1,3.044e-31
628.3,5.211e+0,5.211e+0,3.223e-31
628.5,9.324e-1,9.324e-1,3.539e-31
628.6,5.782e-1,5.782e-1,3.648e-31
628.7,7.942e-1,7.942e-1,3.699e-31
628.9,3.806e+0,3.806e+0,3.568e-31
629,8.280e+0,8.280e+0,3.365e-31
629.1,1.717e+1,1.717e+1,3.073e-31
629.2,3.386e+1,3.386e+1,2.709e-31
629.4,1.133e+2,1.133e+2,1.869e-31
629.5,1.921e+2,1.921e+2,1.457e-31
629.6,3.098e+2,3.098e+2,1.085e-31
629.8,6.930e+2,6.930e+2,5.232e-32
629.9,9.611e+2,9.611e+2,3.382e-32
630,1.268e+3,1.268e+3,2.081e-32
630.1,1.590e+3,1.590e+3,1.219e-32
630.3,2.150e+3,2.150e+3,3.607e-33
630.4,2.318e+3,2.318e+3,1.820e-33
630.5,2.377e+3,2.377e+3,8.734e-34
630.7,2.150e+3,2.150e+3,1.730e-34
630.8,1.896e+3,1.896e+3,7.137e-35
630.9,1.590e+3,1.590e+3,2.800e-35
631.1,9.613e+2,9.613e+2,3.704e-36
631.2,6.934e+2,6.934e+2,1.249e-36
631.3,4.759e+2,4.759e+2,4.004e-37
631.4,3.115e+2,3.115e+2,1.220e-37
631.6,1.207e+2,1.207e+2,9.741e-39
631.7,7.868e+1,7.868e+1,2.551e-39
631.8,6.387e+1,6.387e+1,6.352e-40
632,1.158e+2,1.158e+2,3.384e-41
632.1,1.980e+2,1.980e+2,7.240e-42
632.2,3.408e+2,3.408e+2,1.473e-42
632.3,5.716e+2,5.716e+2,2.848e-43
632.5,1.438e+3,1.438e+3,9.149e-45
632.6,2.142e+3,2.142e+3,1.520e-45
632.7,3.053e+3,3.053e+3,2.402e-46
632.9,5.409e+3,5.409e+3,
633,6.710e+3,6.710e+3,
633.1,7.935e+3,7.935e+3,
633.2,8.941e+3,8.941e+3,
633.4,9.807e+3,9.807e+3,
633.5,9.543e+3,9.543e+3,
633.6,8.838e+3,8.838e+3,
633.8,6.536e+3,6.536e+3,
633.9,5.218e+3,5.218e+3,
634,3.964e+3,3.964e+3,
634.1,2.865e+3,2.865e+3,
634.3,1.289e+3,1.289e+3,
634.4,8.028e+2,8.028e+2,
634.5,4.755e+2,4.755e+2,
634.7,1.437e+2,1.437e+2,
634.8,7.331e+1,7.331e+1,
634.9,3.558e+1,3.558e+1,
635,1.643e+1,1.643e+1,
635.2,3.017e+0,3.017e+0,
635.3,1.200e+0,1.200e+0,
635.4,4.539e-1,4.539e-1,
635.6,5.613e-2,5.613e-2,
635.7,1.891e-2,1.891e-2,
635.8,8.043e-3,8.043e-3,
635.9,9.638e-3,9.638e-3,
636.1,7.637e-2,7.637e-2,
636.2,2.191e-1,2.191e-1,
636.3,5.993e-1,5.993e-1,
636.5,3.870e+0,3.870e+0,
636.6,9.138e+0,9.138e+0,
636.7,2.054e+1,2.054e+1,
636.8,4.396e+1,4.396e+1,8.353e-47
637,1.738e+2,1.738e+2,3.390e-45
637.1,3.210e+2,3.210e+2,2.007e-44
637.2,5.644e+2,5.644e+2,1.132e-43
637.4,1.507e+3,1.507e+3,3.111e-42
637.5,2.287e+3,2.287e+3,1.516e-41
637.6,3.305e+3,3.305e+3,7.035e-41
637.7,4.547e+3,4.547e+3,3.109e-40
637.9,7.428e+3,7.428e+3,5.249e-39
638,8.821e+3,8.821e+3,2.005e-38
638.1,9.973e+3,9.973e+3,7.292e-38
638.3,1.101e+4,1.101e+4,8.336e-37
638.4,1.075e+4,1.075e+4,2.620e-36
638.5,1.001e+4,1.001e+4,7.842e-36
638.6,8.905e+3,8.905e+3,2.236e-35
638.8,6.320e+3,6.320e+3,1.570e-34
638.9,5.250e+3,5.250e+3,3.867e-34
639,4.600e+3,4.600e+3,9.072e-34
639.2,5.295e+3,5.295e+3,4.314e-33
639.3,6.967e+3,6.967e+3,8.745e-33
639.4,9.680e+3,9.680e+3,1.688e-32
639.6,1.822e+4,1.822e+4,5.437e-32
639.7,2.369e+4,2.369e+4,9.068e-32
639.8,2.944e+4,2.944e+4,1.441e-31
639.9,3.489e+4,3.489e+4,2.180e-31
640.1,4.238e+4,4.238e+4,4.312e-31
640.2,4.343e+4,4.343e+4,5.638e-31
640.3,4.238e+4,4.238e+4,7.020e-31
640.5,3.488e+4,3.488e+4,9.404e-31
640.6,2.942e+4,2.942e+4,1.012e-30
640.7,2.364e+4,2.364e+4,1.037e-30
640.8,1.809e+4,1.809e+4,1.012e-30
641,9.173e+3,9.173e+3,8.326e-31
641.1,6.080e+3,6.080e+3,7.020e-31
641.2,3.844e+3,3.844e+3,5.638e-31
641.4,1.339e+3,1.339e+3,3.142e-31
641.5,7.394e+2,7.394e+2,2.180e-31
641.6,3.917e+2,3.917e+2,1.441e-31
641.7,1.997e+2,1.997e+2,9.068e-32
641.9,4.702e+1,4.702e+1,3.104e-32
642,2.194e+1,2.194e+1,1.688e-32
642.1,1.005e+1,1.005e+1,8.745e-33
642.3,2.029e+0,2.029e+0,2.027e-33
642.4,8.984e-1,8.984e-1,9.072e-34
642.5,3.968e-1,3.968e-1,3.867e-34
642.6,1.829e-1,1.829e-1,1.570e-34
642.8,1.166e-1,1.166e-1,2.236e-35
642.9,2.063e-1,2.063e-1,7.842e-36
643,4.158e-1,4.158e-1,2.620e-36
643.2,1.585e+0,1.585e+0,2.526e-37
643.3,2.894e+0,2.894e+0,7.292e-38
643.4,5.034e+0,5.034e+0,2.005e-38
643.5,8.347e+0,8.347e+0,5.249e-39
643.7,1.986e+1,1.986e+1,3.109e-40
643.8,2.850e+1,2.850e+1,7.035e-41
643.9,3.897e+1,3.897e+1,1.516e-41
644.1,6.307e+1,6.307e+1,6.080e-43
644.2,7.465e+1,7.465e+1,1.132e-43
644.3,8.420e+1,8.420e+1,2.007e-44
644.4,9.051e+1,9.051e+1,3.390e-45
644.6,9.051e+1,9.051e+1,8.353e-47
644.7,8.420e+1,8.420e+1,
644.8,7.465e+1,7.465e+1,
645,5.078e+1,5.078e+1,
645.1,3.897e+1,3.897e+1,
645.2,2.850e+1,2.850e+1,
645.3,1.986e+1,1.986e+1,
645.5,8.346e+0,8.346e+0,
645.6,5.034e+0,5.034e+0,
645.7,2.894e+0,2.894e+0,
645.9,8.274e-1,8.274e-1,
646,4.116e-1,4.116e-1,
646.1,1.951e-1,1.951e-1,
646.2,8.816e-2,8.816e-2,
646.4,1.557e-2,1.557e-2,
646.5,6.090e-3,6.090e-3,
646.6,2.269e-3,2.269e-3,
646.8,2.727e-4,2.727e-4,
646.9,8.797e-5,8.797e-5,
647,2.704e-5,2.704e-5,
647.1,7.920e-6,7.920e-6,
647.3,6.117e-7,6.117e-7,
647.4,2.643e-7,2.643e-7,
647.5,5.712e-7,5.712e-7,
647.7,1.001e-5,1.001e-5,
647.8,4.035e-5,4.035e-5,
647.9,1.551e-4,1.551e-4,
648.1,1.988e-3,1.988e-3,
648.2,6.632e-3,6.632e-3,
648.3,2.110e-2,2.110e-2,
648.4,6.404e-2,6.404e-2,
648.6,5.120e-1,5.120e-1,
648.7,1.348e+0,1.348e+0,
648.8,3.388e+0,3.388e+0,
649,1.856e+1,1.856e+1,
649.1,4.046e+1,4.046e+1,
649.2,8.415e+1,8.415e+1,
649.3,1.669e+2,1.669e+2,
649.5,5.702e+2,5.702e+2,
649.6,9.817e+2,9.817e+2,
649.7,1.612e+3,1.612e+3,
649.9,3.773e+3,3.773e+3,
650,5.377e+3,5.377e+3,
650.1,7.310e+3,7.310e+3,
650.2,9.479e+3,9.479e+3,
650.4,1.383e+4,1.383e+4,
650.5,1.557e+4,1.557e+4,
650.6,1.671e+4,1.671e+4,
650.8,1.671e+4,1.671e+4,
650.9,1.557e+4,1.557e+4,
651,1.383e+4,1.383e+4,
651.1,1.172e+4,1.172e+4,
651.3,7.311e+3,7.311e+3,
651.4,5.378e+3,5.378e+3,
651.5,3.775e+3,3.775e+3,
651.7,1.621e+3,1.621e+3,
651.8,9.998e+2,9.998e+2,
651.9,6.060e+2,6.060e+2,
652,3.833e+2,3.833e+2,
652.2,2.916e+2,2.916e+2,
652.3,3.798e+2,3.798e+2,
652.4,5.481e+2,5.481e+2,
652.6,1.124e+3,1.124e+3,
652.7,1.521e+3,1.521e+3,
652.8,1.967e+3,1.967e+3,
652.9,2.429e+3,2.429e+3,
653.1,3.217e+3,3.217e+3,
653.2,3.451e+3,3.451e+3,
653.3,3.533e+3,3.533e+3,
653.5,3.217e+3,3.217e+3,
653.6,2.862e+3,2.862e+3,
653.7,2.429e+3,2.429e+3,
653.8,1.967e+3,1.967e+3,
654,1.121e+3,1.121e+3,
654.1,7.887e+2,7.887e+2,
654.2,5.296e+2,5.296e+2,
654.4,2.074e+2,2.074e+2,
654.5,1.210e+2,1.210e+2,
654.6,6.737e+1,6.737e+1,
654.7,3.578e+1,3.578e+1,
654.9,8.773e+0,8.773e+0,
655,4.049e+0,4.049e+0,
655.1,1.783e+0,1.783e+0,
655.3,3.005e-1,3.005e-1,
655.4,1.150e-1,1.150e-1,
655.5,4.198e-2,4.198e-2,
655.6,1.463e-2,1.463e-2,
655.8,1.542e-3,1.542e-3,
655.9,4.669e-4,4.669e-4,
656,1.349e-4,1.349e-4,
656.2,9.777e-6,9.777e-6,
656.3,2.455e-6,2.455e-6,
656.4,5.916e-7,5.916e-7,
656.6,1.208e-7,1.208e-7,
656.7,4.131e-7,4.131e-7,
656.8,1.731e-6,1.731e-6,
656.9,7.019e-6,7.019e-6,
657.1,1.007e-4,1.007e-4,
657.2,3.562e-4,3.562e-4,
657.3,1.203e-3,1.203e-3,
657.5,1.196e-2,1.196e-2,
657.6,3.518e-2,3.518e-2,
657.7,9.888e-2,9.888e-2,
657.8,2.654e-1,2.654e-1,
658,1.667e+0,1.667e+0,
658.1,3.898e+0,3.898e+0,
658.2,8.707e+0,8.707e+0,
658.4,3.786e+1,3.786e+1,
658.5,7.369e+1,7.369e+1,
658.6,1.370e+2,1.370e+2,
658.7,2.432e+2,2.432e+2,
658.9,6.681e+2,6.681e+2,
659,1.033e+3,1.033e+3,
659.1,1.527e+3,1.527e+3,
659.3,2.905e+3,2.905e+3,
659.4,3.739e+3,3.739e+3,
659.5,4.598e+3,4.598e+3,
659.6,5.400e+3,5.400e+3,
659.8,6.489e+3,6.489e+3,
659.9,6.639e+3,6.639e+3,
660,6.489e+3,6.489e+3,
660.2,5.400e+3,5.400e+3,
660.3,4.598e+3,4.598e+3,
660.4,3.739e+3,3.739e+3,
660.5,2.905e+3,2.905e+3,
660.7,1.527e+3,1.527e+3,
660.8,1.033e+3,1.033e+3,
660.9,6.681e+2,6.681e+2,
661.1,2.432e+2,2.432e+2,
661.2,1.370e+2,1.370e+2,
661.3,7.369e+1,7.369e+1,
661.4,3.786e+1,3.786e+1,
661.6,8.707e+0,8.707e+0,
661.7,3.898e+0,3.898e+0,
661.8,1.667e+0,1.667e+0,
662,2.654e-1,2.654e-1,
662.1,9.888e-2,9.888e-2,
662.2,3.518e-2,3.518e-2,
662.3,1.196e-2,1.196e-2,
662.5,1.203e-3,1.203e-3,
662.6,3.562e-4,3.562e-4,
662.7,1.007e-4,1.007e-4,
662.9,7.019e-6,7.019e-6,
663,1.729e-6,1.729e-6,
663.1,4.070e-7,4.070e-7,
663.2,9.148e-8,9.148e-8,
663.4,4.027e-9,4.027e-9,
663.5,7.886e-10,7.886e-10,
663.6,1.475e-10,1.475e-10,
663.8,7.413e-12,7.413e-12,
663.9,1.788e-11,1.788e-11,
664,9.637e-11,9.637e-11,
664.1,5.179e-10,5.179e-10,
664.3,1.308e-8,1.308e-8,
664.4,6.143e-8,6.143e-8,
664.5,2.759e-7,2.759e-7,
664.7,4.867e-6,4.867e-6,
664.8,1.911e-5,1.911e-5,
664.9,7.174e-5,7.174e-5,
665.1,8.839e-4,8.839e-4,
665.2,2.901e-3,2.901e-3,
665.3,9.101e-3,9.101e-3,
665.4,2.731e-2,2.731e-2,
665.6,2.148e-1,2.148e-1,
665.7,5.634e-1,5.634e-1,
665.8,1.413e+0,1.413e+0,
666,7.765e+0,7.765e+0,
666.1,1.702e+1,1.702e+1,
666.2,3.567e+1,3.567e+1,
666.3,7.148e+1,7.148e+1,
666.5,2.509e+2,2.509e+2,
666.6,4.395e+2,4.395e+2,
666.7,7.360e+2,7.360e+2,
666.9,1.805e+3,1.805e+3,
667,2.642e+3,2.642e+3,
667.1,3.698e+3,3.698e+3,
667.2,4.950e+3,4.950e+3,
667.4,7.751e+3,7.751e+3,
667.5,9.068e+3,9.068e+3,
667.6,1.014e+4,1.014e+4,
667.8,1.110e+4,1.110e+4,
667.9,1.085e+4,1.085e+4,
668,1.014e+4,1.014e+4,
668.1,9.068e+3,9.068e+3,
668.3,6.335e+3,6.335e+3,
668.4,4.950e+3,4.950e+3,
668.5,3.698e+3,3.698e+3,
668.7,1.805e+3,1.805e+3,
668.8,1.179e+3,1.179e+3,
668.9,7.360e+2,7.360e+2,
669,4.395e+2,4.395e+2,
669.2,1.370e+2,1.370e+2,
669.3,7.150e+1,7.150e+1,
669.4,3.572e+1,3.572e+1,
669.6,8.118e+0,8.118e+0,
669.7,4.262e+0,4.262e+0,
669.8,3.489e+0,3.489e+0,
669.9,5.277e+0,5.277e+0,
670.1,2.135e+1,2.135e+1,
670.2,4.232e+1,4.232e+1,
670.3,8.044e+1,8.044e+1,
670.5,2.547e+2,2.547e+2,
670.6,4.240e+2,4.240e+2,
670.7,6.753e+2,6.753e+2,
670.8,1.029e+3,1.029e+3,
671,2.091e+3,2.091e+3,
671.1,2.789e+3,2.789e+3,
671.2,3.560e+3,3.560e+3,
671.4,5.075e+3,5.075e+3,
671.5,5.669e+3,5.669e+3,
671.6,6.059e+3,6.059e+3,
671.7,6.195e+3,6.195e+3,
671.9,5.669e+3,5.669e+3,
672,5.075e+3,5.075e+3,
672.1,4.345e+3,4.345e+3,
672.3,2.789e+3,2.789e+3,
672.4,2.091e+3,2.091e+3,
672.5,1.500e+3,1.500e+3,
672.6,1.029e+3,1.029e+3,
672.8,4.240e+2,4.240e+2,
672.9,2.547e+2,2.547e+2,
673,1.463e+2,1.463e+2,
673.2,4.229e+1,4.229e+1,
673.3,2.128e+1,2.128e+1,
673.4,1.024e+1,1.024e+1,
673.6,2.076e+0,2.076e+0,
673.7,8.746e-1,8.746e-1,
673.8,3.525e-1,3.525e-1,
673.9,1.359e-1,1.359e-1,
674.1,1.769e-2,1.769e-2,
674.2,5.971e-3,5.971e-3,
674.3,1.928e-3,1.928e-3,
674.5,1.760e-4,1.760e-4,
674.6,4.976e-5,4.976e-5,
674.7,1.346e-5,1.346e-5,
674.8,3.482e-6,3.482e-6,
675,2.041e-7,2.041e-7,
675.1,4.622e-8,4.622e-8,
675.2,1.002e-8,1.002e-8,
675.4,4.117e-10,4.117e-10,
675.5,7.810e-11,7.810e-11,
675.6,1.417e-11,1.417e-11,
675.7,2.461e-12,2.461e-12,
684.5,1.578e-45,,1.578e-45
684.6,9.078e-45,,9.078e-45
684.8,2.649e-43,,2.649e-43
684.9,1.343e-42,,1.343e-42
685,6.529e-42,,6.529e-42
685.1,3.043e-41,,3.043e-41
685.3,5.823e-40,,5.823e-40
685.4,2.391e-39,,2.391e-39
685.5,9.415e-39,,9.415e-39
685.7,1.286e-37,,1.286e-37
685.8,4.461e-37,,4.461e-37
685.9,1.484e-36,,1.484e-36
686,4.732e-36,,4.732e-36
686.2,4.240e-35,,4.240e-35
686.3,1.191e-34,,1.191e-34
686.4,3.209e-34,,3.209e-34
686.6,2.052e-33,,2.052e-33
686.7,4.872e-33,,4.872e-33
686.8,1.109e-32,,1.109e-32
686.9,2.420e-32,,2.420e-32
687.1,1.016e-31,,1.016e-31
687.2,1.955e-31,,1.955e-31
687.3,3.607e-31,,3.607e-31
687.5,1.084e-30,,1.084e-30
687.6,1.765e-30,,1.765e-30
687.7,2.760e-30,,2.760e-30
687.8,4.145e-30,,4.145e-30
688,8.298e-30,,8.298e-30
688.1,1.109e-29,,1.109e-29
688.2,1.429e-29,,1.429e-29
688.4,2.145e-29,,2.145e-29
688.5,2.514e-29,,2.514e-29
688.6,2.872e-29,,2.872e-29
688.7,9.141e-13,9.141e-13,3.210e-29
688.9,2.782e-11,2.782e-11,3.808e-29
689,1.442e-10,1.442e-10,4.058e-29
689.1,7.165e-10,7.165e-10,4.263e-29
689.3,1.563e-8,1.563e-8,4.478e-29
689.4,6.855e-8,6.855e-8,4.450e-29
689.5,2.884e-7,2.884e-7,4.312e-29
689.6,1.164e-6,1.164e-6,4.059e-29
689.8,1.674e-5,1.674e-5,3.262e-29
689.9,5.963e-5,5.963e-5,2.773e-29
690,2.037e-4,2.037e-4,2.269e-29
690.2,2.099e-3,2.099e-3,1.351e-29
690.3,6.330e-3,6.330e-3,9.812e-30
690.4,1.831e-2,1.831e-2,6.842e-30
690.5,5.080e-2,5.080e-2,4.579e-30
690.7,3.451e-1,3.451e-1,1.810e-30
690.8,8.450e-1,8.450e-1,1.069e-30
690.9,1.985e+0,1.985e+0,6.056e-31
691.1,9.662e+0,9.662e+0,1.713e-31
691.2,2.003e+1,2.003e+1,8.557e-32
691.3,3.982e+1,3.982e+1,4.098e-32
691.5,1.389e+2,1.389e+2,8.285e-33
691.6,2.438e+2,2.438e+2,3.498e-33
691.7,4.103e+2,4.103e+2,1.416e-33
691.8,6.624e+2,6.624e+2,5.495e-34
692,1.524e+3,1.524e+3,7.296e-35
692.1,2.171e+3,2.171e+3,2.496e-35
692.2,2.967e+3,2.967e+3,8.187e-36
692.4,4.891e+3,4.891e+3,7.764e-37
692.5,5.899e+3,5.899e+3,2.245e-37
692.6,6.825e+3,6.825e+3,6.223e-38
692.7,7.574e+3,7.574e+3,1.654e-38
692.9,8.232e+3,8.232e+3,1.030e-39
693,8.062e+3,8.062e+3,2.413e-40
693.1,7.574e+3,7.574e+3,5.421e-41
693.3,5.899e+3,5.899e+3,2.411e-42
693.4,4.891e+3,4.891e+3,4.774e-43
693.5,3.890e+3,3.890e+3,9.064e-44
693.6,2.967e+3,2.967e+3,1.650e-44
693.8,1.524e+3,1.524e+3,
693.9,1.026e+3,1.026e+3,
694,6.624e+2,6.624e+2,
694.2,2.438e+2,2.438e+2,
694.3,1.389e+2,1.389e+2,
694.4,7.594e+1,7.594e+1,
694.5,3.982e+1,3.982e+1,
694.7,9.662e+0,9.662e+0,
694.8,4.471e+0,4.471e+0,
694.9,1.985e+0,1.985e+0,
695.1,3.451e-1,3.451e-1,
695.2,1.352e-1,1.352e-1,
695.3,5.080e-2,5.080e-2,
695.4,1.831e-2,1.831e-2,
695.6,2.099e-3,2.099e-3,
695.7,6.677e-4,6.677e-4,
695.8,2.037e-4,2.037e-4,
696,1.674e-5,1.674e-5,
696.1,4.507e-6,4.507e-6,
696.2,1.164e-6,1.164e-6,
696.3,2.884e-7,2.884e-7,
696.5,1.563e-8,1.563e-8,
696.6,3.416e-9,3.416e-9,
696.7,7.165e-10,7.165e-10,
696.9,2.782e-11,2.782e-11,
697,5.149e-12,5.149e-12,
697.1,9.141e-13,9.141e-13,
697.2,1.557e-13,1.557e-13,
698.1,2.833e-14,2.833e-14,
698.3,8.534e-13,8.534e-13,
698.4,4.407e-12,4.407e-12,
698.5,2.186e-11,2.186e-11,
698.7,4.759e-10,4.759e-10,
698.8,2.090e-9,2.090e-9,
698.9,8.813e-9,8.813e-9,
699,3.569e-8,3.569e-8,
699.2,5.182e-7,5.182e-7,
699.3,1.858e-6,1.858e-6,
699.4,6.399e-6,6.399e-6,
699.6,6.719e-5,6.719e-5,
699.7,2.049e-4,2.049e-4,
699.8,6.001e-4,6.001e-4,
700,4.559e-3,4.559e-3,
700.1,1.183e-2,1.183e-2,
700.2,2.948e-2,2.948e-2,
700.3,7.059e-2,7.059e-2,
700.5,3.590e-1,3.590e-1,
700.6,7.630e-1,7.630e-1,
700.7,1.559e+0,1.559e+0,
700.9,5.807e+0,5.807e+0,
701,1.060e+1,1.060e+1,
701.1,1.867e+1,1.867e+1,
701.2,3.179e+1,3.179e+1,
701.4,8.398e+1,8.398e+1,
701.5,1.310e+2,1.310e+2,
701.6,1.996e+2,1.996e+2,
701.8,4.376e+2,4.376e+2,
701.9,6.326e+2,6.326e+2,
702,9.013e+2,9.013e+2,
702.1,1.265e+3,1.265e+3,
702.3,2.364e+3,2.364e+3,
702.4,3.129e+3,3.129e+3,
702.5,4.037e+3,4.037e+3,
702.7,6.153e+3,6.153e+3,
702.8,7.234e+3,7.234e+3,
702.9,8.210e+3,8.210e+3,
703,8.985e+3,8.985e+3,
703.2,9.609e+3,9.609e+3,
703.3,9.377e+3,9.377e+3,
703.4,8.798e+3,8.798e+3,
703.6,6.877e+3,6.877e+3,
703.7,5.728e+3,5.728e+3,
703.8,4.584e+3,4.584e+3,
703.9,3.527e+3,3.527e+3,
704.1,1.862e+3,1.862e+3,
704.2,1.284e+3,1.284e+3,
704.3,8.641e+2,8.641e+2,
704.5,3.957e+2,3.957e+2,
704.6,2.932e+2,2.932e+2,
704.7,2.474e+2,2.474e+2,
704.8,2.415e+2,2.415e+2,
705,3.051e+2,3.051e+2,
705.1,3.615e+2,3.615e+2,
705.2,4.289e+2,4.289e+2,
705.4,5.808e+2,5.808e+2,
705.5,6.555e+2,6.555e+2,
705.6,7.209e+2,7.209e+2,
705.7,7.702e+2,7.702e+2,
705.9,7.984e+2,7.984e+2,
706,7.717e+2,7.717e+2,
706.1,7.192e+2,7.192e+2,
706.3,5.581e+2,5.581e+2,
706.4,4.640e+2,4.640e+2,
706.5,3.710e+2,3.710e+2,
706.6,2.852e+2,2.852e+2,
706.8,1.497e+2,1.497e+2,
706.9,1.021e+2,1.021e+2,
707,6.698e+1,6.698e+1,
707.2,2.554e+1,2.554e+1,
707.3,1.486e+1,1.486e+1,
707.4,8.300e+0,8.300e+0,
707.5,4.455e+0,4.455e+0,
707.7,1.138e+0,1.138e+0,
707.8,5.416e-1,5.416e-1,
707.9,2.476e-1,2.476e-1,
708.1,4.588e-2,4.588e-2,
708.2,1.860e-2,1.860e-2,
708.3,7.241e-3,7.241e-3,
708.5,9.733e-4,9.733e-4,
708.6,3.360e-4,3.360e-4,
708.7,1.114e-4,1.114e-4,
708.8,3.550e-5,3.550e-5,
709,3.194e-6,3.194e-6,
709.1,9.022e-7,9.022e-7,
709.2,2.448e-7,2.448e-7,
709.4,1.598e-8,1.598e-8,
709.5,3.844e-9,3.844e-9,
709.6,8.882e-10,8.882e-10,
709.7,1.972e-10,1.972e-10,
709.9,8.616e-12,8.616e-12,
710,1.696e-12,1.696e-12,
710.1,3.206e-13,3.206e-13,
713,6.196e-14,6.196e-14,
713.1,3.359e-13,3.359e-13,
713.2,1.752e-12,1.752e-12,
713.3,8.789e-12,8.789e-12,
713.5,1.968e-10,1.968e-10,
713.6,8.788e-10,8.788e-10,
713.7,3.774e-9,3.774e-9,
713.9,6.194e-8,6.194e-8,
714,2.367e-7,2.367e-7,
714.1,8.701e-7,8.701e-7,
714.2,3.077e-6,3.077e-6,
714.4,3.424e-5,3.424e-5,
714.5,1.077e-4,1.077e-4,
714.6,3.261e-4,3.261e-4,
714.8,2.659e-3,2.659e-3,
714.9,7.163e-3,7.163e-3,
715,1.856e-2,1.856e-2,
715.1,4.626e-2,4.626e-2,
715.3,2.557e-1,2.557e-1,
715.4,5.672e-1,5.672e-1,
715.5,1.210e+0,1.210e+0,
715.7,4.903e+0,4.903e+0,
715.8,9.309e+0,9.309e+0,
715.9,1.700e+1,1.700e+1,
716,2.987e+1,2.987e+1,
716.2,8.204e+1,8.204e+1,
716.3,1.283e+2,1.283e+2,
716.4,1.929e+2,1.929e+2,
716.6,3.883e+2,3.883e+2,
716.7,5.196e+2,5.196e+2,
716.8,6.690e+2,6.690e+2,
717,9.867e+2,9.867e+2,
717.1,1.130e+3,1.130e+3,
717.2,1.246e+3,1.246e+3,
717.3,1.321e+3,1.321e+3,
717.5,1.321e+3,1.321e+3,
717.6,1.246e+3,1.246e+3,
717.7,1.130e+3,1.130e+3,
717.9,8.284e+2,8.284e+2,
718,6.690e+2,6.690e+2,
718.1,5.196e+2,5.196e+2,
718.2,3.883e+2,3.883e+2,
718.4,1.929e+2,1.929e+2,
718.5,1.283e+2,1.283e+2,
718.6,8.204e+1,8.204e+1,
718.8,2.987e+1,2.987e+1,
718.9,1.700e+1,1.700e+1,
719,9.309e+0,9.309e+0,
719.1,4.903e+0,4.903e+0,
719.3,1.210e+0,1.210e+0,
719.4,5.672e-1,5.672e-1,
719.5,2.557e-1,2.557e-1,
719.7,4.626e-2,4.626e-2,
719.8,1.856e-2,1.856e-2,
719.9,7.163e-3,7.163e-3,
720,2.659e-3,2.659e-3,
720.2,3.261e-4,3.261e-4,
720.3,1.077e-4,1.077e-4,
720.4,3.424e-5,3.424e-5,
720.6,3.078e-6,3.078e-6,
720.7,8.740e-7,8.740e-7,
720.8,2.527e-7,2.527e-7,
720.9,1.261e-7,1.261e-7,
721.1,9.272e-7,9.272e-7,
721.2,3.310e-6,3.310e-6,
721.3,1.142e-5,1.142e-5,
721.5,1.212e-4,1.212e-4,
721.6,3.729e-4,3.729e-4,
721.7,1.104e-3,1.104e-3,
721.8,3.149e-3,3.149e-3,
722,2.284e-2,2.284e-2,
722.1,5.808e-2,5.808e-2,
722.2,1.422e-1,1.422e-1,
722.4,7.602e-1,7.602e-1,
722.5,1.660e+0,1.660e+0,
722.6,3.490e+0,3.490e+0,
722.7,7.062e+0,7.062e+0,
722.9,2.580e+1,2.580e+1,
723,4.656e+1,4.656e+1,
723.1,8.090e+1,8.090e+1,
723.3,2.179e+2,2.179e+2,
723.4,3.376e+2,3.376e+2,
723.5,5.037e+2,5.037e+2,
723.6,7.234e+2,7.234e+2,
723.8,1.331e+3,1.331e+3,
723.9,1.705e+3,1.705e+3,
724,2.102e+3,2.102e+3,
724.2,2.852e+3,2.852e+3,
724.3,3.137e+3,3.137e+3,
724.4,3.321e+3,3.321e+3,
724.5,3.385e+3,3.385e+3,
724.7,3.137e+3,3.137e+3,
724.8,2.852e+3,2.852e+3,
724.9,2.496e+3,2.496e+3,
725.1,1.705e+3,1.705e+3,
725.2,1.331e+3,1.331e+3,
725.3,1.000e+3,1.000e+3,
725.5,5.037e+2,5.037e+2,
725.6,3.376e+2,3.376e+2,
725.7,2.179e+2,2.179e+2,
725.8,1.353e+2,1.353e+2,
726,4.656e+1,4.656e+1,
726.1,2.580e+1,2.580e+1,
726.2,1.376e+1,1.376e+1,
726.4,3.490e+0,3.490e+0,
726.5,1.660e+0,1.660e+0,
726.6,7.602e-1,7.602e-1,
726.7,3.351e-1,3.351e-1,
726.9,5.808e-2,5.808e-2,
727,2.284e-2,2.284e-2,
727.1,8.643e-3,8.643e-3,
727.3,1.104e-3,1.104e-3,
727.4,3.729e-4,3.729e-4,
727.5,1.212e-4,1.212e-4,
727.6,3.791e-5,3.791e-5,
727.8,3.309e-6,3.309e-6,
727.9,9.235e-7,9.235e-7,
728,2.481e-7,2.481e-7,
728.2,1.597e-8,1.597e-8,
728.3,3.825e-9,3.825e-9,
728.4,8.823e-10,8.823e-10,
728.5,1.959e-10,1.959e-10,
728.7,8.613e-12,8.613e-12,
728.8,1.706e-12,1.706e-12,
728.9,3.252e-13,3.252e-13,
739.4,1.006e-13,1.006e-13,
739.5,5.023e-13,5.023e-13,
739.6,2.420e-12,2.420e-12,
739.7,1.124e-11,1.124e-11,
739.9,2.178e-10,2.178e-10,
740,9.078e-10,9.078e-10,
740.1,3.650e-9,3.650e-9,
740.3,5.294e-8,5.294e-8,
740.4,1.910e-7,1.910e-7,
740.5,6.646e-7,6.646e-7,
740.6,2.230e-6,2.230e-6,
740.8,2.254e-5,2.254e-5,
740.9,6.787e-5,6.787e-5,
741,1.971e-4,1.971e-4,
741.2,1.492e-3,1.492e-3,
741.3,3.887e-3,3.887e-3,
741.4,9.770e-3,9.770e-3,
741.5,2.368e-2,2.368e-2,
741.7,1.249e-1,1.249e-1,
741.8,2.716e-1,2.716e-1,
741.9,5.698e-1,5.698e-1,
742.1,2.250e+0,2.250e+0,
742.2,4.235e+0,4.235e+0,
742.3,7.689e+0,7.689e+0,
742.5,2.274e+1,2.274e+1,
742.6,3.704e+1,3.704e+1,
742.7,5.819e+1,5.819e+1,
742.8,8.818e+1,8.818e+1,
743,1.817e+2,1.817e+2,
743.1,2.470e+2,2.470e+2,
743.2,3.239e+2,3.239e+2,
743.4,4.998e+2,4.998e+2,
743.5,5.881e+2,5.881e+2,
743.6,6.674e+2,6.674e+2,
743.7,7.305e+2,7.305e+2,
743.9,7.852e+2,7.852e+2,
744,7.712e+2,7.712e+2,
744.1,7.305e+2,7.305e+2,
744.3,5.881e+2,5.881e+2,
744.4,4.998e+2,4.998e+2,
744.5,4.097e+2,4.097e+2,
744.6,3.239e+2,3.239e+2,
744.8,1.817e+2,1.817e+2,
744.9,1.289e+2,1.289e+2,
745,8.818e+1,8.818e+1,
745.2,3.704e+1,3.704e+1,
745.3,2.274e+1,2.274e+1,
745.4,1.346e+1,1.346e+1,
745.5,7.689e+0,7.689e+0,
745.7,2.250e+0,2.250e+0,
745.8,1.153e+0,1.153e+0,
745.9,5.698e-1,5.698e-1,
746.1,1.249e-1,1.249e-1,
746.2,5.538e-2,5.538e-2,