lam,int
515.95,2971.0
516.03,2245.0
516.10,1792.0
516.17,2119.0
516.25,2489.0
516.32,2300.4
516.39,2156.8
516.46,2228.1
516.54,2305.0
516.61,2311.2
516.68,2245.3
516.75,2270.4
516.83,2334.6
516.90,2296.1
516.97,2326.7
517.05,2284.5
517.12,2322.6
517.19,2362.1
517.26,2295.5
517.34,2244.7
517.41,2309.7
517.48,2294.5
517.55,2207.9
517.63,2253.1
517.70,2320.3
517.77,2301.8
517.84,2191.7
517.92,2233.7
517.99,2272.5
518.06,2220.8
518.14,2168.9
518.21,2375.9
518.28,2551.8
518.35,2471.5
518.43,2455.6
518.50,2414.2
518.57,2543.1
518.64,2546.6
518.72,2477.2
518.79,2532.3
518.86,2715.6
518.93,2718.6
519.01,2415.6
519.08,2373.4
519.15,2421.6
519.22,2387.4
519.30,2292.1
519.37,2284.6
519.44,2403.0
519.51,2425.8
519.59,2286.9
519.66,2213.6
519.73,2254.0
519.80,2262.3
519.88,2199.6
519.95,2229.6
520.02,2337.4
520.09,2406.8
520.17,2316.9
520.24,2247.4
520.31,2379.5
520.38,2365.2
520.46,2320.1
520.53,2289.4
520.60,2416.7
520.67,2510.8
520.75,2441.3
520.82,2529.0
520.89,2529.6
520.96,2482.6
521.04,2475.2
521.11,2437.2
521.18,2493.9
521.25,2514.3
521.33,2542.9
521.40,2466.1
521.47,2463.9
521.54,2480.9
521.62,2342.7
521.69,2438.3
521.76,2537.3
521.83,2533.1
521.90,2423.0
521.98,2417.9
522.05,2465.7
522.12,2420.7
522.19,2388.5
522.27,2392.3
522.34,2426.6
522.41,2403.6
522.48,2284.1
522.56,2237.9
522.63,2290.8
522.70,2270.5
522.77,2274.3
522.84,2263.4
522.92,2469.9
522.99,2530.6
523.06,2493.0
523.13,2557.6
523.21,2513.4
523.28,2542.4
523.35,2412.1
523.42,2576.2
523.50,2719.5
523.57,2769.7
523.64,2699.8
523.71,2509.6
523.78,2566.9
523.86,2512.8
523.93,2533.4
524.00,2510.4
524.07,2659.6
524.15,2745.4
524.22,2571.9
524.29,2557.8
524.36,2523.9
524.43,2507.2
524.51,2498.0
524.58,2493.5
524.65,2551.8
524.72,2457.9
524.79,2457.0
524.87,2439.3
524.94,2407.4
525.01,2425.9
525.08,2285.6
525.16,2372.2
525.23,2403.9
525.30,2377.6
525.37,2303.4
525.44,2294.7
525.52,2485.4
525.59,2404.8
525.66,2412.8
525.73,2370.5
525.80,2402.0
525.88,2378.4
525.95,2289.0
526.02,2378.9
526.09,2362.2
526.17,2396.1
526.24,2222.3
526.31,2254.3
526.38,2361.4
526.45,2288.0
526.53,2309.9
526.60,2287.2
526.67,2455.5
526.74,2395.9
526.81,2265.5
526.89,2309.1
526.96,2368.4
527.03,2415.5
527.10,2225.4
527.17,2258.8
527.25,2308.1
527.32,2239.1
527.39,2165.8
527.46,2098.7
527.53,2182.2
527.61,2200.9
527.68,2130.0
527.75,2097.7
527.82,2174.8
527.89,2156.6
527.97,2060.0
528.04,2170.8
528.11,2293.9
528.18,2259.4
528.25,2214.1
528.32,2264.4
528.40,2381.7
528.47,2449.1
528.54,2454.1
528.61,2492.9
528.68,2580.6
528.76,2566.1
528.83,2431.3
528.90,2398.0
528.97,2545.4
529.04,2566.7
529.12,2419.5
529.19,2352.5
529.26,2374.5
529.33,2383.7
529.40,2312.5
529.47,2359.6
529.55,2443.7
529.62,2497.4
529.69,2461.1
529.76,2431.1
529.83,2501.2
529.91,2477.0
529.98,2431.3
530.05,2375.4
530.12,2410.9
530.19,2425.0
530.26,2384.4
530.34,2314.1
530.41,2355.6
530.48,2385.4
530.55,2318.3
530.62,2295.3
530.70,2380.8
530.77,2384.3
530.84,2348.9
530.91,2330.9
530.98,2340.7
531.05,2353.3
531.13,2282.0
531.20,2309.9
531.27,2277.2
531.34,2282.5
531.41,2243.5
531.48,2336.6
531.56,2359.6
531.63,2347.2
531.70,2332.2
531.77,2332.6
531.84,2475.3
531.91,2437.2
531.99,2375.6
532.06,2320.3
532.13,2429.9
532.20,2418.4
532.27,2388.6
532.34,2429.7
532.42,2445.3
532.49,2450.3
532.56,2315.3
532.63,2274.1
532.70,2291.0
532.77,2354.3
532.85,2389.9
532.92,2380.2
532.99,2383.0
533.06,2330.7
533.13,2328.6
533.20,2416.4
533.28,2476.3
533.35,2457.8
533.42,2374.0
533.49,2371.5
533.56,2375.6
533.63,2314.4
533.70,2222.5
533.78,2221.3
533.85,2270.5
533.92,2237.0
533.99,2119.6
534.06,2143.6
534.13,2284.8
534.20,2272.6
534.28,2250.6
534.35,2272.1
534.42,2360.0
534.49,2425.1
534.56,2377.5
534.63,2352.0
534.71,2371.5
534.78,2309.3
534.85,2197.6
534.92,2132.8
534.99,2223.7
535.06,2233.9
535.13,2136.2
535.21,2087.1
535.28,2092.3
535.35,2143.6
535.42,2072.8
535.49,2086.6
535.56,2144.7
535.63,2131.2
535.71,2066.5
535.78,2053.1
535.85,2253.8
535.92,2251.3
535.99,2237.9
536.06,2251.0
536.13,2404.3
536.21,2489.7
536.28,2388.4
536.35,2499.6
536.42,2571.4
536.49,2638.8
536.56,2497.9
536.63,2391.4
536.70,2392.7
536.78,2406.6
536.85,2354.6
536.92,2226.9
536.99,2190.2
537.06,2248.7
537.13,2170.6
537.20,2074.6
537.27,2140.8
537.35,2159.5
537.42,2111.8
537.49,2123.6
537.56,2174.9
537.63,2114.3
537.70,2071.3
537.77,2069.0
537.84,2084.9
537.92,2128.4
537.99,2134.5
538.06,2144.5
538.13,2255.3
538.20,2254.6
538.27,2222.2
538.34,2255.6
538.41,2319.0
538.49,2334.9
538.56,2351.3
538.63,2382.0
538.70,2395.8
538.77,2473.9
538.84,2346.4
538.91,2284.2
538.98,2374.6
539.06,2347.9
539.13,2389.7
539.20,2454.9
539.27,2551.7
539.34,2507.6
539.41,2419.5
539.48,2409.6
539.55,2391.8
539.62,2428.0
539.70,2340.6
539.77,2395.1
539.84,2512.1
539.91,2547.7
539.98,2482.9
540.05,2471.6
540.12,2549.2
540.19,2482.8
540.26,2415.4
540.34,2410.2
540.41,2477.6
540.48,2451.9
540.55,2402.7
540.62,2350.5
540.69,2344.4
540.76,2312.3
540.83,2169.6
540.90,2175.9
540.97,2280.1
541.05,2299.4
541.12,2212.6
541.19,2202.4
541.26,2254.1
541.33,2233.2
541.40,2096.0
541.47,1994.6
541.54,2030.8
541.61,2013.8
541.68,1959.0
541.76,1978.4
541.83,2054.3
541.90,2070.9
541.97,2073.1
542.04,2193.8
542.11,2269.1
542.18,2279.7
542.25,2349.9
542.32,2379.0
542.39,2464.1
542.46,2467.2
542.54,2405.5
542.61,2453.5
542.68,2485.4
542.75,2417.8
542.82,2211.9
542.89,2235.6
542.96,2350.4
543.03,2254.4
543.10,2242.7
543.17,2257.8
543.24,2344.8
543.32,2315.0
543.39,2200.5
543.46,2295.9
543.53,2324.2
543.60,2459.4
543.67,2367.5
543.74,2272.0
543.81,2400.3
543.88,2317.3
543.95,2306.0
544.02,2344.5
544.09,2448.4
544.17,2398.3
544.24,2331.3
544.31,2338.3
544.38,2314.9
544.45,2340.4
544.52,2291.7
544.59,2345.9
544.66,2379.0
544.73,2368.1
544.80,2245.8
544.87,2346.9
544.94,2413.9
545.01,2355.1
545.08,2343.1
545.16,2272.4
545.23,2383.3
545.30,2268.3
545.37,2139.6
545.44,2170.3
545.51,2240.6
545.58,2172.0
545.65,2029.0
545.72,2080.1
545.79,2175.8
545.86,2179.3
545.93,2099.6
546.00,2091.6
546.07,2169.5
546.15,2197.3
546.22,2181.7
546.29,2194.5
546.36,2241.0
546.43,2234.8
546.50,2133.7
546.57,2174.8
546.64,2190.1
546.71,2193.8
546.78,2180.2
546.85,2204.7
546.92,2230.9
546.99,2098.6
547.06,2046.7
547.13,2000.2
547.20,2095.0
547.27,2085.2
547.35,1980.9
547.42,2025.6
547.49,2095.7
547.56,2027.3
547.63,1932.8
547.70,2063.5
547.77,2194.7
547.84,2207.2
547.91,2155.5
547.98,2143.8
548.05,2169.5
548.12,2259.9
548.19,2221.5
548.26,2236.7
548.33,2382.3
548.40,2322.3
548.47,2223.6
548.54,2132.9
548.61,2191.3
548.68,2195.8
548.76,2132.4
548.83,2171.8
548.90,2182.8
548.97,2226.3
549.04,2097.8
549.11,2045.1
549.18,2129.0
549.25,2110.9
549.32,2123.9
549.39,2166.3
549.46,2228.0
549.53,2196.0
549.60,2171.6
549.67,2115.7
549.74,2116.1
549.81,2210.4
549.88,2150.2
549.95,2159.9
550.02,2190.7
550.09,2139.7
550.16,2044.3
550.23,2072.0
550.30,2186.7
550.37,2182.1
550.44,2179.4
550.51,2148.5
550.58,2113.3
550.66,2163.5
550.73,2103.0
550.80,2110.2
550.87,2241.8
550.94,2213.9
551.01,2136.8
551.08,2111.7
551.15,2180.9
551.22,2180.1
551.29,2147.8
551.36,2297.9
551.43,2468.8
551.50,2528.7
551.57,2522.1
551.64,2468.4
551.71,2557.0
551.78,2698.9
551.85,2576.2
551.92,2478.0
551.99,2524.5
552.06,2513.6
552.13,2386.9
552.20,2262.9
552.27,2251.2
552.34,2175.8
552.41,2161.7
552.48,2077.8
552.55,2155.2
552.62,2262.8
552.69,2307.1
552.76,2450.2
552.83,2460.6
552.90,2447.7
552.97,2336.7
553.04,2548.5
553.11,2612.9
553.18,2584.4
553.25,2608.5
553.32,2509.9
553.39,2569.4
553.46,2387.4
553.53,2258.4
553.60,2258.8
553.67,2315.1
553.74,2301.5
553.81,2088.9
553.88,2112.7
553.95,2176.5
554.02,2159.5
554.09,2064.0
554.16,2070.9
554.23,2223.1
554.30,2163.2
554.37,2077.9
554.44,2089.2
554.51,2152.2
554.58,2177.1
554.65,2130.5
554.72,2196.6
554.79,2189.3
554.86,2133.5
554.93,2044.1
555.00,1960.7
555.07,2111.0
555.14,2044.8
555.21,1996.0
555.28,1980.2
555.35,1986.7
555.42,2033.1
555.49,1978.9
555.56,2017.0
555.63,2058.0
555.70,2112.1
555.77,2041.4
555.84,2065.3
555.91,2165.8
555.98,2173.7
556.05,2252.2
556.12,2279.7
556.19,2253.5
556.26,2211.6
556.33,2136.4
556.40,2113.9
556.47,2240.9
556.54,2337.4
556.61,2227.5
556.68,2330.4
556.75,2477.1
556.82,2387.8
556.89,2330.8
556.96,2352.1
557.03,2416.8
557.10,2481.9
557.17,2511.6
557.24,2428.9
557.31,2492.3
557.38,2632.8
557.45,2595.4
557.52,2508.7
557.59,2494.3
557.66,2533.6
557.73,2428.9
557.80,2418.6
557.87,2454.9
557.94,2362.4
558.01,2252.5
558.08,2240.3
558.15,2227.2
558.22,2475.7
558.29,2519.0
558.36,2483.1
558.43,2603.5
558.50,2560.7
558.57,2567.0
558.64,2470.6
558.71,2720.3
558.77,2664.3
558.84,2611.2
558.91,2468.4
558.98,2192.7
559.05,2166.7
559.12,2083.2
559.19,2090.1
559.26,2106.9
559.33,2193.8
559.40,2065.8
559.47,2038.4
559.54,2048.0
559.61,2101.5
559.68,2130.1
559.75,2104.8
559.82,2170.8
559.89,2112.8
559.96,2076.8
560.03,2144.1
560.10,2212.3
560.17,2219.2
560.24,2165.2
560.31,2163.9
560.38,2154.1
560.45,2072.4
560.52,2017.7
560.58,2076.9
560.65,2319.8
560.72,2307.3
560.79,2211.5
560.86,2216.3
560.93,2253.2
561.00,2259.4
561.07,2262.1
561.14,2324.9
561.21,2314.2
561.28,2391.8
561.35,2204.2
561.42,2093.6
561.49,2102.5
561.56,2018.9
561.63,1949.8
561.70,1983.8
561.77,2107.6
561.84,2070.9
561.91,2029.7
561.97,2013.9
562.04,2116.0
562.11,2123.0
562.18,2056.7
562.25,2150.6
562.32,2283.2
562.39,2260.1
562.46,2221.0
562.53,2199.9
562.60,2180.6
562.67,2250.6
562.74,2264.0
562.81,2191.0
562.88,2310.5
562.95,2449.2
563.02,2314.6
563.09,2234.2
563.15,2276.0
563.22,2202.4
563.29,2142.6
563.36,2268.6
563.43,2263.3
563.50,2333.6
563.57,2328.4
563.64,2204.4
563.71,2159.8
563.78,2178.1
563.85,2305.4
563.92,2272.4
563.99,2366.0
564.06,2325.6
564.12,2222.1
564.19,2161.5
564.26,2169.0
564.33,2261.0
564.40,2175.3
564.47,2231.4
564.54,2226.4
564.61,2215.8
564.68,2178.1
564.75,2192.7
564.82,2199.5
564.89,2201.2
564.96,2272.4
565.03,2156.8
565.09,2173.9
565.16,2221.5
565.23,2207.2
565.30,2193.5
565.37,2158.7
565.44,2155.4
565.51,2163.4
565.58,2180.6
565.65,2186.5
565.72,2144.9
565.79,2065.6
565.86,2029.1
565.92,2285.6
565.99,2316.1
566.06,2157.6
566.13,2214.7
566.20,2299.4
566.27,2279.1
566.34,2239.6
566.41,2330.1
566.48,2283.9
566.55,2391.3
566.62,2366.4
566.68,2113.1
566.75,2124.6
566.82,2182.3
566.89,2071.1
566.96,2021.8
567.03,2101.4
567.10,2168.3
567.17,2128.7
567.24,2193.5
567.31,2217.8
567.37,2152.3
567.44,2117.8
567.51,2098.7
567.58,2186.5
567.65,2142.2
567.72,2120.6
567.79,2074.9
567.86,2011.9
567.93,1973.3
568.00,1901.2
568.06,1914.7
568.13,1987.6
568.20,2106.4
568.27,2089.0
568.34,2108.9
568.41,2193.9
568.48,2165.2
568.55,2129.6
568.62,2109.2
568.69,2117.5
568.75,2106.1
568.82,2065.6
568.89,2046.7
568.96,2063.0
569.03,2014.8
569.10,2038.3
569.17,2087.5
569.24,2149.4
569.31,2155.3
569.37,2114.8
569.44,2158.0
569.51,2147.8
569.58,2135.0
569.65,2035.4
569.72,2037.1
569.79,2063.8
569.86,2017.9
569.92,1947.0
569.99,1877.4
570.06,1968.8
570.13,2017.1
570.20,2009.5
570.27,1998.8
570.34,2110.2
570.41,2194.8
570.48,2122.1
570.54,2137.0
570.61,2147.5
570.68,2210.3
570.75,2164.3
570.82,2114.3
570.89,2220.1
570.96,2187.8
571.03,2183.4
571.09,2102.7
571.16,2178.2
571.23,2195.3
571.30,2144.7
571.37,2203.6
571.44,2169.9
571.51,2279.6
571.57,2221.6
571.64,2217.1
571.71,2251.0
571.78,2264.7
571.85,2221.3
571.92,2147.2
571.99,2234.1
572.06,2212.5
572.12,2209.7
572.19,2255.9
572.26,2308.2
572.33,2301.7
572.40,2226.1
572.47,2241.4
572.54,2332.4
572.60,2334.3
572.67,2304.1
572.74,2304.4
572.81,2326.8
572.88,2274.7
572.95,2169.2
573.02,2166.7
573.08,2176.7
573.15,2249.6
573.22,2174.6
573.29,2148.9
573.36,2180.6
573.43,2110.2
573.50,2083.1
573.56,2049.9
573.63,2142.6
573.70,2118.0
573.77,2128.2
573.84,2143.4
573.91,2111.5
573.98,2137.2
574.04,2084.6
574.11,2169.3
574.18,2182.5
574.25,2199.5
574.32,2172.6
574.39,2159.2
574.45,2236.1
574.52,2156.6
574.59,2158.8
574.66,2136.2
574.73,2180.9
574.80,2167.2
574.87,2055.4
574.93,2143.7
575.00,2170.4
575.07,2198.6
575.14,2227.4
575.21,2265.2
575.28,2324.1
575.34,2269.2
575.41,2280.7
575.48,2318.9
575.55,2404.0
575.62,2399.2
575.69,2342.3
575.75,2357.8
575.82,2455.0
575.89,2416.4
575.96,2361.2
576.03,2439.3
576.10,2484.7
576.16,2498.8
576.23,2356.7
576.30,2429.4
576.37,2489.1
576.44,2491.9
576.51,2591.6
576.57,2480.0
576.64,2514.4
576.71,2498.8
576.78,2365.8
576.85,2368.5
576.92,2368.2
576.98,2448.4
577.05,2318.1
577.12,2377.1
577.19,2340.6
577.26,2225.4
577.32,2246.3
577.39,2160.9
577.46,2308.9
577.53,2294.8
577.60,2306.9
577.67,2271.8
577.73,2300.0
577.80,2303.5
577.87,2199.2
577.94,2264.0
578.01,2296.5
578.07,2395.8
578.14,2363.2
578.21,2308.7
578.28,2350.2
578.35,2297.9
578.42,2276.1
578.48,2294.4
578.55,2367.7
578.62,2408.9
578.69,2290.8
578.76,2235.1
578.82,2210.9
578.89,2209.6
578.96,2180.2
579.03,2150.0
579.10,2192.6
579.16,2190.1
579.23,2168.7
579.30,2119.5
579.37,2186.5
579.44,2233.7
579.50,2163.6
579.57,2168.7
579.64,2192.1
579.71,2166.0
579.78,2132.6
579.84,2143.0
579.91,2145.3
579.98,2075.1
580.05,2068.4
580.12,2082.7
580.18,2070.8
580.25,2061.7
580.32,2002.8
580.39,1984.7
580.46,2060.7
580.52,2232.0
580.59,2227.4
580.66,2235.4
580.73,2362.2
580.80,2313.6
580.86,2208.4
580.93,2195.2
581.00,2290.9
581.07,2321.5
581.14,2334.4
581.20,2277.8
581.27,2180.2
581.34,2172.1
581.41,2134.4
581.48,2145.5
581.54,2211.8
581.61,2222.6
581.68,2182.1
581.75,2196.6
581.81,2231.6
581.88,2205.3
581.95,2191.9
582.02,2291.6
582.09,2376.9
582.15,2383.6
582.22,2285.3
582.29,2230.1
582.36,2368.0
582.43,2324.9
582.49,2273.4
582.56,2282.7
582.63,2347.9
582.70,2299.0
582.76,2201.6
582.83,2285.5
582.90,2295.2
582.97,2385.1
583.04,2314.0
583.10,2299.3
583.17,2384.6
583.24,2355.6
583.31,2271.6
583.37,2248.5
583.44,2365.2
583.51,2351.7
583.58,2306.0
583.64,2276.2
583.71,2293.7
583.78,2297.8
583.85,2239.1
583.92,2254.6
583.98,2385.8
584.05,2558.5
584.12,2771.8
584.19,3205.6
584.25,4145.6
584.32,5312.0
584.39,6445.1
584.46,7697.9
584.52,9028.6
584.59,10351
584.66,11622
584.73,12946
584.79,14284
584.86,15446
584.93,16238
585.00,16581
585.07,16703
585.13,16815
585.20,16546
585.27,15966
585.34,15113
585.40,13791
585.47,12360
585.54,10878
585.61,9595.2
585.67,8215.6
585.74,6814.9
585.81,5679.7
585.88,4519.2
585.94,3577.4
586.01,2928.8
586.08,2630.0
586.15,2593.2
586.21,2594.5
586.28,2486.3
586.35,2431.8
586.42,2475.1
586.48,2471.5
586.55,2285.5
586.62,2232.6
586.69,2343.0
586.75,2289.5
586.82,2261.0
586.89,2270.1
586.96,2324.7
587.02,2397.3
587.09,2423.3
587.16,2526.6
587.22,2623.3
587.29,2693.1
587.36,2703.7
587.43,2685.1
587.49,2816.7
587.56,2916.6
587.63,2963.9
587.70,3079.7
587.76,3196.7
587.83,3227.4
587.90,3198.0
587.97,3181.6
588.03,3235.6
588.10,3259.4
588.17,3129.3
588.24,2956.7
588.30,2925.6
588.37,2829.0
588.44,2663.3
588.50,2532.1
588.57,2519.9
588.64,2489.5
588.71,2371.1
588.77,2326.3
588.84,2258.1
588.91,2279.8
588.98,2209.9
589.04,2204.8
589.11,2298.2
589.18,2320.5
589.24,2403.7
589.31,2344.4
589.38,2412.4
589.45,2444.2
589.51,2365.4
589.58,2367.4
589.65,2380.7
589.71,2476.5
589.78,2402.7
589.85,2399.2
589.92,2418.4
589.98,2334.2
590.05,2280.1
590.12,2251.0
590.18,2284.0
590.25,2344.5
590.32,2332.6
590.39,2322.6
590.45,2324.7
590.52,2317.5
590.59,2305.6
590.65,2261.3
590.72,2324.0
590.79,2321.6
590.86,2388.9
590.92,2385.4
590.99,2369.1
591.06,2446.5
591.12,2394.3
591.19,2409.3
591.26,2363.7
591.33,2358.2
591.39,2325.6
591.46,2401.3
591.53,2479.0
591.59,2312.3
591.66,2286.3
591.73,2209.8
591.79,2166.3
591.86,2148.9
591.93,2119.1
592.00,2181.7
592.06,2244.2
592.13,2272.3
592.20,2162.9
592.26,2150.3
592.33,2201.9
592.40,2173.3
592.46,2116.9
592.53,2141.3
592.60,2191.5
592.67,2166.8
592.73,2086.8
592.80,2033.8
592.87,2059.6
592.93,1967.8
593.00,1878.3
593.07,1881.5
593.13,1941.9
593.20,1951.3
593.27,1937.4
593.33,2005.2
593.40,2127.7
593.47,2319.5
593.53,2442.5
593.60,2694.5
593.67,2949.7
593.74,3093.1
593.80,3271.0
593.87,3443.9
593.94,3732.0
594.00,3944.1
594.07,4022.4
594.14,4238.0
594.20,4350.4
594.27,4308.3
594.34,4242.9
594.40,4302.0
594.47,4351.0
594.54,4170.5
594.60,4025.4
594.67,3735.8
594.74,3590.0
594.80,3398.2
594.87,3029.7
594.94,2850.4
595.00,2750.8
595.07,2550.3
595.14,2233.8
595.20,2106.9
595.27,2089.1
595.34,2079.6
595.40,2016.6
595.47,2060.9
595.54,2179.7
595.60,2196.5
595.67,2213.6
595.74,2188.6
595.80,2230.5
595.87,2246.3
595.94,2197.2
596.00,2280.1
596.07,2398.7
596.14,2501.9
596.20,2393.7
596.27,2408.6
596.34,2479.4
596.40,2373.6
596.47,2330.1
596.54,2364.2
596.60,2507.4
596.67,2513.8
596.74,2451.6
596.80,2401.9
596.87,2429.5
596.94,2470.4
597.00,2438.8
597.07,2421.0
597.14,2532.7
597.20,2593.2
597.27,2546.2
597.34,2559.6
597.40,2580.6
597.47,2578.1
597.54,2542.2
597.60,2489.3
597.67,2433.2
597.74,2400.8
597.80,2329.4
597.87,2448.7
597.93,2660.5
598.00,2562.8
598.07,2516.3
598.13,2521.1
598.20,2500.1
598.27,2565.2
598.33,2496.7
598.40,2596.8
598.47,2599.2
598.53,2611.0
598.60,2373.0
598.67,2129.8
598.73,2277.1
598.80,2216.6
598.86,2297.8
598.93,2248.4
599.00,2335.3
599.06,2354.6
599.13,2296.7
599.20,2331.5
599.26,2275.1
599.33,2372.9
599.40,2396.6
599.46,2409.1
599.53,2394.8
599.59,2396.6
599.66,2315.8
599.73,2239.0
599.79,2241.3
599.86,2133.2
599.93,2082.8
599.99,2176.9
600.06,2151.6
600.13,2161.5
600.19,2152.7
600.26,2160.8
600.32,2210.6
600.39,2159.2
600.46,2148.6
600.52,2147.6
600.59,2338.9
600.66,2299.0
600.72,2215.6
600.79,2246.4
600.85,2165.0
600.92,2129.3
600.99,1993.8
601.05,1970.3
601.12,1970.0
601.19,1959.1
601.25,1864.6
601.32,1758.4
601.38,1795.1
601.45,1810.1
601.52,1766.0
601.58,1782.9
601.65,1885.0
601.71,1893.6
601.78,1879.1
601.85,1931.5
601.91,2038.9
601.98,2086.8
602.05,2114.3
602.11,2209.3
602.18,2308.6
602.24,2340.8
602.31,2357.8
602.38,2357.9
602.44,2408.2
602.51,2525.5
602.57,2457.0
602.64,2455.7
602.71,2518.2
602.77,2519.6
602.84,2467.2
602.90,2398.9
602.97,2430.3
603.04,2354.1
603.10,2289.5
603.17,2292.1
603.23,2258.0
603.30,2209.8
603.37,2109.3
603.43,2036.6
603.50,2063.4
603.56,2018.4
603.63,1972.0
603.70,1967.2
603.76,2014.3
603.83,2043.7
603.89,1939.7
603.96,1917.8
604.03,2001.5
604.09,2035.7
604.16,1941.1
604.22,1950.1
604.29,1981.3
604.36,2055.0
604.42,2074.1
604.49,2046.3
604.55,2224.8
604.62,2206.9
604.69,2202.2
604.75,2365.2
604.82,2459.2
604.88,2438.1
604.95,2336.9
605.01,2407.7
605.08,2364.4
605.15,2315.6
605.21,2298.2
605.28,2181.5
605.34,2317.8
605.41,2257.1
605.48,2091.2
605.54,2055.7
605.61,2181.6
605.67,2247.6
605.74,2085.3
605.80,2094.4
605.87,2168.5
605.94,2194.9
606.00,2130.1
606.07,2136.1
606.13,2173.9
606.20,2118.3
606.26,2164.0
606.33,2198.1
606.40,2302.9
606.46,2484.4
606.53,2537.8
606.59,2630.2
606.66,2868.3
606.72,3066.3
606.79,3188.4
606.86,3421.4
606.92,3659.7
606.99,3755.0
607.05,3793.0
607.12,3875.1
607.18,4017.8
607.25,4063.0
607.32,3979.0
607.38,3922.4
607.45,3913.8
607.51,3771.4
607.58,3530.0
607.64,3407.6
607.71,3299.3
607.77,3162.5
607.84,2968.2
607.91,2748.9
607.97,2625.1
608.04,2532.7
608.10,2295.0
608.17,2186.6
608.23,2208.2
608.30,2159.6
608.37,2067.9
608.43,2089.1
608.50,2200.3
608.56,2208.0
608.63,2425.1
608.69,2685.2
608.76,3030.9
608.82,3361.5
608.89,3551.7
608.95,3863.0
609.02,4207.7
609.09,4486.5
609.15,4634.5
609.22,4922.8
609.28,5171.2
609.35,5198.5
609.41,5208.6
609.48,5145.2
609.54,5140.5
609.61,5066.6
609.67,4954.6
609.74,4695.7
609.81,4499.5
609.87,4286.6
609.94,3886.0
610.00,3625.1
610.07,3290.4
610.13,3052.7
610.20,2752.3
610.26,2575.1
610.33,2452.3
610.39,2241.3
610.46,2159.8
610.52,2163.8
610.59,2286.6
610.66,2254.5
610.72,2210.6
610.79,2247.9
610.85,2250.2
610.92,2233.5
610.98,2124.5
611.05,2075.6
611.11,2124.2
611.18,2163.3
611.24,2037.2
611.31,1942.1
611.37,2145.8
611.44,2220.5
611.50,2184.3
611.57,2204.5
611.63,2288.4
611.70,2283.7
611.77,2227.2
611.83,2335.1
611.90,2430.3
611.96,2536.1
612.03,2446.4
612.09,2361.9
612.16,2373.6
612.22,2359.2
612.29,2305.4
612.35,2274.9
612.42,2371.3
612.48,2348.0
612.55,2277.0
612.61,2193.1
612.68,2229.8
612.74,2246.8
612.81,2120.3
612.87,2111.3
612.94,2173.1
613.00,2187.7
613.07,2178.0
613.13,2231.4
613.20,2324.3
613.26,2462.6
613.33,2775.1
613.39,3255.7
613.46,3731.2
613.52,4278.3
613.59,4750.6
613.65,5237.5
613.72,5758.1
613.78,6129.6
613.85,6591.3
613.91,7003.1
613.98,7350.2
614.05,7383.1
614.11,7281.1
614.18,7306.8
614.24,7238.3
614.31,7079.7
614.37,6695.5
614.44,6259.5
614.50,5947.7
614.57,5388.0
614.63,4836.4
614.70,4393.5
614.76,3963.5
614.82,3688.7
614.89,3216.4
614.95,2802.0
615.02,2523.3
615.08,2377.4
615.15,2466.0
615.21,2382.8
615.28,2474.4
615.34,2508.4
615.41,2517.1
615.47,2668.8
615.54,2674.0
615.60,2786.9
615.67,2770.6
615.73,3000.8
615.80,3134.8
615.86,3142.8
615.93,3188.1
615.99,3225.5
616.06,3392.2
616.12,3403.0
616.19,3384.7
616.25,3306.4
616.32,3401.1
616.38,3315.9
616.45,3216.6
616.51,3146.4
616.58,3026.0
616.64,2975.9
616.71,2800.3
616.77,2753.0
616.84,2693.6
616.90,2662.7
616.97,2482.8
617.03,2398.6
617.09,2402.5
617.16,2294.0
617.22,2243.7
617.29,2242.8
617.35,2388.1
617.42,2395.1
617.48,2286.6
617.55,2242.1
617.61,2225.5
617.68,2221.1
617.74,2222.4
617.81,2221.3
617.87,2226.8
617.94,2208.0
618.00,2076.9
618.07,2036.9
618.13,2106.0
618.19,2111.9
618.26,2030.1
618.32,2058.2
618.39,2148.8
618.45,2107.8
618.52,2069.8
618.58,2089.1
618.65,2195.4
618.71,2221.6
618.78,2107.0
618.84,2115.9
618.91,2200.8
618.97,2194.1
619.03,2131.6
619.10,2091.6
619.16,2152.4
619.23,2200.7
619.29,2112.5
619.36,2032.1
619.42,2108.7
619.49,2143.6
619.55,2037.4
619.62,2026.0
619.68,2111.8
619.74,2119.0
619.81,2080.8
619.87,2049.1
619.94,2060.9
620.00,2025.8
620.07,2001.5
620.13,2019.1
620.20,2108.5
620.26,2085.2
620.32,1965.4
620.39,2003.3
620.45,2040.9
620.52,2081.6
620.58,2032.7
620.65,2105.0
620.71,2287.2
620.78,2283.6
620.84,2255.6
620.90,2264.8
620.97,2413.3
621.03,2490.2
621.10,2477.6
621.16,2595.4
621.23,2728.0
621.29,2847.6
621.35,2784.9
621.42,2775.6
621.48,2885.1
621.55,2980.5
621.61,2915.0
621.68,2943.3
621.74,3031.3
621.80,2974.9
621.87,2905.7
621.93,2842.7
622.00,2846.7
622.06,2752.9
622.13,2736.0
622.19,2607.7
622.25,2612.6
622.32,2567.1
622.38,2406.6
622.45,2358.9
622.51,2383.9
622.58,2321.5
622.64,2147.3
622.70,2174.5
622.77,2164.6
622.83,2193.6
622.90,2128.4
622.96,2081.4
623.03,2161.6
623.09,2174.2
623.15,2101.2
623.22,2049.4
623.28,2106.6
623.35,2086.4
623.41,2037.5
623.47,2046.3
623.54,2030.8
623.60,2036.7
623.67,1928.6
623.73,1873.8
623.80,1972.8
623.86,1965.0
623.92,2001.2
623.99,2016.6
624.05,2145.5
624.12,2184.0
624.18,2137.0
624.24,2260.3
624.31,2367.1
624.37,2410.9
624.44,2313.2
624.50,2362.6
624.56,2420.0
624.63,2336.1
624.69,2270.8
624.76,2206.6
624.82,2206.5
624.88,2253.5
624.95,2114.9
625.01,2107.7
625.08,2196.7
625.14,2166.8
625.20,2061.9
625.27,2044.7
625.33,2190.8
625.40,2129.6
625.46,2114.6
625.52,2103.0
625.59,2193.6
625.65,2389.8
625.72,2432.8
625.78,2589.9
625.84,2871.7
625.91,3191.1
625.97,3377.8
626.04,3559.6
626.10,3861.7
626.16,4025.2
626.23,4161.2
626.29,4263.5
626.35,4406.1
626.42,4462.8
626.48,4455.7
626.55,4514.3
626.61,4414.3
626.67,4246.0
626.74,4037.0
626.80,3910.3
626.87,3781.8
626.93,3640.3
626.99,3375.3
627.06,3068.8
627.12,2991.3
627.18,2821.1
627.25,2509.9
627.31,2374.8
627.38,2434.4
627.44,2330.4
627.50,2296.6
627.57,2299.8
627.63,2298.4
627.69,2386.5
627.76,2301.7
627.82,2279.8
627.89,2290.4
627.95,2350.6
628.01,2262.8
628.08,2218.2
628.14,2270.2
628.20,2157.2
628.27,2130.4
628.33,2089.9
628.40,2126.7
628.46,2102.8
628.52,2004.7
628.59,1996.8
628.65,2081.3
628.71,2045.3
628.78,1964.0
628.84,2025.0
628.90,2030.0
628.97,2034.5
629.03,1961.3
629.09,1977.2
629.16,2170.8
629.22,2193.8
629.29,2105.0
629.35,2093.2
629.41,2263.0
629.48,2345.1
629.54,2297.5
629.60,2387.9
629.67,2459.5
629.73,2562.9
629.79,2548.3
629.86,2534.1
629.92,2697.3
629.98,2783.8
630.05,2795.1
630.11,2786.9
630.18,2894.4
630.24,2931.9
630.30,2907.4
630.37,2950.8
630.43,2958.2
630.49,2934.9
630.56,2747.4
630.62,2676.6
630.68,2643.8
630.75,2572.7
630.81,2463.0
630.87,2352.9
630.94,2409.0
631.00,2321.6
631.06,2239.6
631.13,2271.6
631.19,2262.3
631.25,2334.2
631.32,2287.1
631.38,2285.7
631.44,2386.6
631.51,2391.1
631.57,2323.6
631.63,2271.3
631.70,2485.8
631.76,2411.7
631.82,2411.1
631.89,2481.9
631.95,2443.3
632.01,2495.8
632.08,2434.6
632.14,2445.5
632.20,2475.8
632.27,2575.8
632.33,2480.5
632.39,2568.6
632.46,2820.1
632.52,2915.0
632.58,3028.2
632.65,3188.3
632.71,3386.3
632.77,3609.7
632.84,3766.1
632.90,3937.9
632.96,4242.6
633.03,4413.4
633.09,4403.5
633.15,4346.9
633.22,4414.6
633.28,4350.0
633.34,4301.2
633.41,4265.9
633.47,4210.9
633.53,4001.7
633.59,3684.6
633.66,3554.9
633.72,3374.8
633.78,3204.3
633.85,2950.8
633.91,2732.9
633.97,2632.3
634.04,2462.6
634.10,2250.2
634.16,2116.4
634.23,2148.5
634.29,2120.0
634.35,1989.2
634.42,2004.1
634.48,2062.1
634.54,2069.4
634.60,2031.2
634.67,2107.3
634.73,2199.6
634.79,2141.1
634.86,2063.4
634.92,2068.7
634.98,2113.5
635.05,2062.4
635.11,1964.5
635.17,1975.1
635.23,2063.8
635.30,2030.7
635.36,1922.8
635.42,1872.1
635.49,1972.2
635.55,1968.2
635.61,1893.8
635.68,1921.9
635.74,2073.7
635.80,2114.8
635.86,2021.9
635.93,2057.0
635.99,2165.8
636.05,2194.6
636.12,2238.6
636.18,2247.7
636.24,2273.4
636.30,2345.1
636.37,2267.3
636.43,2237.5
636.49,2261.0
636.56,2310.1
636.62,2175.1
636.68,2142.9
636.74,2170.4
636.81,2087.1
636.87,2113.5
636.93,2169.5
637.00,2216.8
637.06,2146.6
637.12,2069.8
637.18,2102.9
637.25,2257.8
637.31,2451.7
637.37,2530.4
637.44,2772.0
637.50,3049.7
637.56,3231.7
637.62,3346.5
637.69,3590.2
637.75,3937.4
637.81,4173.1
637.87,4346.5
637.94,4422.2
638.00,4667.5
638.06,4739.5
638.13,4704.4
638.19,4764.4
638.25,4791.3
638.31,4744.8
638.38,4511.8
638.44,4269.6
638.50,4035.3
638.56,3773.0
638.63,3466.0
638.69,3208.3
638.75,3040.7
638.82,2800.8
638.88,2439.8
638.94,2272.2
639.00,2231.0
639.07,2173.4
639.13,2261.9
639.19,2564.1
639.25,3145.3
639.32,3646.3
639.38,4069.7
639.44,4634.0
639.50,5301.4
639.57,5909.6
639.63,6396.1
639.69,7050.7
639.75,7771.5
639.82,8267.3
639.88,8510.3
639.94,8626.2
640.00,8780.6
640.07,8774.0
640.13,8680.2
640.19,8558.0
640.25,8386.8
640.32,7944.3
640.38,7185.0
640.44,6517.6
640.50,5979.4
640.57,5364.9
640.63,4644.0
640.69,4085.8
640.75,3592.1
640.82,3065.6
640.88,2479.3
640.94,2153.2
641.00,2073.9
641.07,2031.8
641.13,1954.4
641.19,1878.8
641.25,1953.0
641.32,1975.2
641.38,1991.0
641.44,1941.7
641.50,2005.6
641.56,2033.5
641.63,1934.3
641.69,1968.6
641.75,2025.4
641.81,2076.1
641.88,1964.5
641.94,2050.9
642.00,2050.4
642.06,1946.1
642.13,1955.1
642.19,1890.0
642.25,2008.0
642.31,2002.0
642.37,1976.7
642.44,2015.9
642.50,2078.9
642.56,2087.0
642.62,1970.8
642.69,2028.0
642.75,2120.3
642.81,2118.2
642.87,2093.3
642.93,2002.6
643.00,2098.2
643.06,2126.3
643.12,2035.0
643.18,2082.9
643.25,2135.2
643.31,2130.8
643.37,2024.5
643.43,2005.7
643.49,1996.8
643.56,1988.6
643.62,1984.7
643.68,1965.3
643.74,2042.4
643.81,2018.2
643.87,1930.3
643.93,1923.1
643.99,1984.6
644.05,1977.1
644.12,1911.5
644.18,1977.8
644.24,2006.2
644.30,1996.1
644.36,1859.1
644.43,1824.1
644.49,1992.9
644.55,1971.3
644.61,1996.0
644.67,2031.1
644.74,2180.7
644.80,2206.9
644.86,2149.1
644.92,2250.1
644.98,2237.9
645.05,2334.2
645.11,2251.3
645.17,2173.1
645.23,2209.8
645.29,2200.8
645.36,2142.6
645.42,2059.9
645.48,2201.8
645.54,2214.1
645.60,2130.1
645.67,2207.0
645.73,2204.3
645.79,2240.8
645.85,2181.0
645.91,2211.4
645.98,2267.7
646.04,2199.8
646.10,2203.0
646.16,2059.4
646.22,2150.6
646.29,2162.2
646.35,2121.8
646.41,2222.5
646.47,2256.7
646.53,2272.1
646.59,2196.2
646.66,2221.4
646.72,2284.9
646.78,2279.6
646.84,2260.4
646.90,2194.9
646.97,2265.8
647.03,2273.1
647.09,2119.2
647.15,2062.3
647.21,2133.1
647.27,2158.6
647.34,2058.0
647.40,2071.7
647.46,2089.6
647.52,2086.2
647.58,2050.1
647.64,2013.5
647.71,2009.1
647.77,2005.9
647.83,1984.1
647.89,1954.8
647.95,1991.5
648.01,1996.8
648.08,1902.6
648.14,1895.0
648.20,1977.3
648.26,1957.3
648.32,1899.1
648.38,1920.5
648.45,1982.6
648.51,1947.0
648.57,1871.7
648.63,1899.3
648.69,1972.5
648.75,1959.6
648.82,1867.3
648.88,1865.6
648.94,1960.1
649.00,1979.5
649.06,1956.1
649.12,1993.3
649.19,2101.7
649.25,2160.6
649.31,2070.8
649.37,2069.3
649.43,2191.5
649.49,2288.7
649.56,2301.9
649.62,2448.3
649.68,2792.8
649.74,2994.7
649.80,3267.8
649.86,3660.7
649.92,4028.8
649.99,4407.1
650.05,4733.2
650.11,5110.6
650.17,5458.4
650.23,5711.7
650.29,5815.7
650.35,5844.9
650.42,5976.2
650.48,5866.7
650.54,5742.0
650.60,5724.3
650.66,5607.7
650.72,5363.0
650.78,4927.8
650.85,4583.4
650.91,4281.4
650.97,3926.0
651.03,3577.6
651.09,3266.8
651.15,3025.6
651.21,2630.8
651.28,2314.1
651.34,2213.3
651.40,2210.9
651.46,2193.8
651.52,2135.2
651.58,2289.8
651.64,2378.3
651.70,2337.1
651.77,2248.4
651.83,2272.4
651.89,2371.7
651.95,2310.9
652.01,2187.6
652.07,2136.4
652.13,2253.7
652.19,2260.8
652.26,2126.3
652.32,2118.6
652.38,2262.2
652.44,2388.3
652.50,2427.2
652.56,2441.2
652.62,2587.1
652.68,2617.3
652.75,2669.7
652.81,2725.8
652.87,2752.3
652.93,2798.6
652.99,2719.0
653.05,2768.9
653.11,2824.1
653.17,2853.9
653.23,2871.9
653.30,2840.3
653.36,2813.0
653.42,2670.3
653.48,2560.9
653.54,2546.3
653.60,2552.4
653.66,2565.2
653.72,2356.1
653.78,2288.3
653.85,2393.1
653.91,2304.7
653.97,2189.0
654.03,2221.4
654.09,2296.5
654.15,2291.9
654.21,2215.4
654.27,2181.1
654.33,2207.0
654.40,2264.2
654.46,2140.4
654.52,2011.3
654.58,2048.5
654.64,2006.5
654.70,1924.0
654.76,1949.1
654.82,2006.6
654.88,1969.3
654.94,1877.5
655.01,1954.7
655.07,2001.2
655.13,2002.5
655.19,2027.4
655.25,2068.5
655.31,2243.5
655.37,2266.9
655.43,2248.1
655.49,2278.5
655.55,2392.1
655.61,2426.6
655.68,2362.5
655.74,2381.6
655.80,2434.7
655.86,2339.9
655.92,2245.4
655.98,2197.8
656.04,2226.0
656.10,2156.5
656.16,2018.8
656.22,2067.5
656.28,2115.1
656.34,2172.8
656.41,2058.3
656.47,2059.6
656.53,2115.1
656.59,2089.0
656.65,2068.1
656.71,2043.4
656.77,2193.8
656.83,2213.6
656.89,2177.5
656.95,2131.8
657.01,2123.2
657.07,2159.1
657.13,2069.4
657.20,2111.3
657.26,2165.8
657.32,2119.7
657.38,2046.3
657.44,2029.9
657.50,2070.8
657.56,2050.8
657.62,2038.6
657.68,2141.1
657.74,2262.2
657.80,2320.6
657.86,2207.8
657.92,2309.8
657.98,2546.8
658.04,2484.7
658.10,2396.7
658.17,2342.1
658.23,2402.4
658.29,2303.0
658.35,2161.1
658.41,2096.4
658.47,2144.7
658.53,2224.1
658.59,2027.5
658.65,1931.6
658.71,2040.5
658.77,2115.6
658.83,2156.3
658.89,2279.7
658.95,2405.4
659.01,2550.2
659.07,2623.0
659.13,2777.2
659.20,2952.7
659.26,3050.8
659.32,3177.4
659.38,3317.3
659.44,3511.3
659.50,3596.4
659.56,3622.7
659.62,3645.5
659.68,3687.2
659.74,3744.5
659.80,3630.4
659.86,3566.1
659.92,3587.7
659.98,3407.8
660.04,3231.4
660.10,3036.9
660.16,2947.2
660.22,2795.1
660.28,2599.6
660.34,2510.2
660.40,2332.0
660.46,2227.9
660.52,2030.1
660.58,1971.6
660.64,1984.0
660.71,1962.1
660.77,1914.8
660.83,2013.6
660.89,2139.6
660.95,2071.0
661.01,1988.6
661.07,1997.1
661.13,2098.0
661.19,2086.5
661.25,2056.7
661.31,2021.9
661.37,2101.3
661.43,2002.8
661.49,1818.1
661.55,1802.0
661.61,1904.6
661.67,1913.5
661.73,1797.8
661.79,1789.7
661.85,1798.8
661.91,1916.8
661.97,1847.9
662.03,1848.4
662.09,1962.6
662.15,1872.1
662.21,1825.3
662.27,1816.6
662.33,1999.9
662.39,2048.8
662.45,2070.5
662.51,2083.1
662.57,2201.1
662.63,2225.8
662.69,2128.5
662.75,2205.0
662.81,2268.2
662.87,2318.4
662.93,2138.2
662.99,2085.9
663.05,2045.5
663.11,2076.9
663.17,2012.9
663.23,1927.6
663.29,2015.7
663.35,2013.0
663.41,1993.2
663.47,1957.6
663.53,2017.6
663.59,2062.8
663.65,2065.6
663.71,2086.9
663.77,2147.7
663.83,2170.6
663.89,2063.9
663.95,2078.8
664.01,2135.6
664.07,2100.1
664.13,2053.8
664.19,2088.9
664.25,2168.4
664.31,2122.0
664.37,2066.8
664.43,2051.1
664.49,2095.1
664.55,2134.1
664.61,2090.8
664.67,2069.3
664.73,2113.6
664.79,2111.8
664.85,2042.3
664.91,2016.8
664.97,2121.9
665.03,2138.2
665.09,2056.7
665.15,2070.5
665.21,2065.3
665.27,2096.4
665.33,2038.7
665.39,2069.8
665.45,2151.5
665.51,2127.4
665.57,2104.4
665.63,2003.1
665.69,2081.3
665.75,2103.4
665.81,2045.5
665.87,2036.5
665.93,2054.9
665.99,2096.4
666.05,2022.4
666.11,2061.5
666.17,2139.7
666.23,2120.0
666.29,2145.9
666.35,2126.3
666.41,2155.4
666.47,2177.9
666.53,2130.2
666.59,2150.4
666.65,2191.4
666.71,2199.1
666.76,2182.4
666.82,2330.5
666.88,2621.8
666.94,2831.6
667.00,2978.9
667.06,3196.3
667.12,3499.6
667.18,3771.3
667.24,3915.7
667.30,4254.6
667.36,4645.5
667.42,4812.5
667.48,4903.1
667.54,4961.5
667.60,5132.9
667.66,5196.6
667.72,5137.4
667.78,5147.6
667.84,5124.3
667.90,5025.1
667.96,4740.9
668.02,4452.3
668.08,4256.8
668.14,3956.2
668.19,3560.6
668.25,3222.1
668.31,3060.4
668.37,2847.2
668.43,2489.8
668.49,2407.6
668.55,2333.4
668.61,2210.5
668.67,2127.5
668.73,2173.3
668.79,2343.8
668.85,2332.6
668.91,2291.4
668.97,2239.1
669.03,2323.3
669.09,2295.3
669.15,2146.1
669.20,2159.1
669.26,2236.5
669.32,2257.5
669.38,2624.9
669.44,2739.2
669.50,2727.3
669.56,2825.9
669.62,2681.1
669.68,2757.6
669.74,2734.0
669.80,2829.6
669.86,2664.3
669.92,2735.8
669.98,2689.1
670.04,2117.3
670.09,1976.6
670.15,1974.8
670.21,1994.1
670.27,1971.6
670.33,1914.6
670.39,1994.2
670.45,2069.9
670.51,2182.4
670.57,2296.4
670.63,2326.5
670.69,2527.1
670.75,2632.0
670.81,2704.4
670.87,2866.2
670.92,3075.4
670.98,3159.0
671.04,3166.9
671.10,3324.9
671.16,3397.0
671.22,3378.9
671.28,3422.4
671.34,3514.9
671.40,3563.2
671.46,3543.6
671.52,3427.7
671.57,3472.3
671.63,3581.1
671.69,3491.6
671.75,3428.2
671.81,3264.5
671.87,3195.8
671.93,3006.0
671.99,2760.6
672.05,2715.2
672.11,2635.2
672.17,2532.7
672.22,2248.3
672.28,2123.6
672.34,2166.7
672.40,2064.8
672.46,1940.5
672.52,1978.8
672.58,2117.9
672.64,2125.2
672.70,2008.8
672.76,2091.2
672.81,2188.2
672.87,2230.4
672.93,2226.7
672.99,2192.4
673.05,2404.3
673.11,2470.1
673.17,2393.3
673.23,2361.6
673.29,2407.9
673.35,2415.8
673.40,2290.8
673.46,2309.8
673.52,2332.4
673.58,2414.8
673.64,2305.8
673.70,2131.6
673.76,2234.3
673.82,2257.3
673.88,2210.6
673.93,2254.7
673.99,2319.5
674.05,2349.8
674.11,2273.2
674.17,2224.7
674.23,2271.4
674.29,2237.3
674.35,2201.9
674.40,2138.9
674.46,2196.8
674.52,2156.5
674.58,2140.7
674.64,2201.6
674.70,2209.2
674.76,2266.6
674.82,2115.2
674.87,2082.8
674.93,2187.4
674.99,2246.1
675.05,2222.0
675.11,2331.9
675.17,2431.7
675.23,2349.1
675.29,2294.2
675.34,2290.2
675.40,2350.4
675.46,2343.7
675.52,2262.2
675.58,2252.1
675.64,2318.5
675.70,2191.5
675.75,2063.8
675.81,2020.4
675.87,2042.4
675.93,2010.2
675.99,1876.5
676.05,1921.0
676.11,2036.5
676.16,2067.1
676.22,1980.5
676.28,2034.5
676.34,2125.6
676.40,2043.4
676.46,2007.3
676.52,2094.0
676.57,2196.6
676.63,2175.0
676.69,2110.9
676.75,2093.2
676.81,2243.1
676.87,2285.2
676.93,2156.6
676.98,2185.0
677.04,2280.4
677.10,2300.4
677.16,2146.5
677.22,2137.0
677.28,2237.9
677.34,2249.6
677.39,2177.5
677.45,2053.8
677.51,2124.9
677.57,2111.7
677.63,2049.0
677.69,2067.8
677.74,2089.1
677.80,2136.8
677.86,2055.9
677.92,2117.8
677.98,2144.7
678.04,2183.9
678.09,2104.5
678.15,2110.9
678.21,2231.6
678.27,2091.9
678.33,2122.0
678.39,2036.0
678.44,2106.7
678.50,2092.2
678.56,2028.4
678.62,2120.8
678.68,2180.7
678.74,2256.0
678.79,2092.0
678.85,2154.6
678.91,2304.8
678.97,2241.9
679.03,2322.8
679.09,2362.9
679.14,2376.2
679.20,2324.1
679.26,2143.0
679.32,2141.7
679.38,2133.1
679.43,2102.7
679.49,1960.9
679.55,1888.2
679.61,2047.1
679.67,1927.7
679.73,1820.0
679.78,1875.2
679.84,1973.5
679.90,2062.1
679.96,2068.8
680.02,2145.5
680.07,2210.7
680.13,2325.8
680.19,2340.2
680.25,2317.2
680.31,2354.7
680.37,2361.2
680.42,2319.3
680.48,2342.3
680.54,2374.1
680.60,2292.4
680.66,2166.6
680.71,2154.1
680.77,2223.3
680.83,2125.0
680.89,2061.3
680.95,2104.7
681.00,2200.8
681.06,2214.8
681.12,2129.1
681.18,2120.2
681.24,2225.3
681.29,2330.0
681.35,2261.0
681.41,2341.5
681.47,2588.9
681.53,2573.5
681.58,2511.1
681.64,2526.1
681.70,2558.4
681.76,2575.4
681.82,2523.5
681.87,2569.6
681.93,2576.3
681.99,2551.0
682.05,2426.0
682.10,2309.6
682.16,2329.3
682.22,2287.8
682.28,2252.6
682.34,2256.2
682.39,2320.7
682.45,2268.9
682.51,2119.4
682.57,2180.7
682.63,2301.1
682.68,2248.1
682.74,2175.4
682.80,2287.4
682.86,2407.8
682.91,2369.5
682.97,2305.3
683.03,2333.6
683.09,2448.6
683.15,2502.8
683.20,2381.9
683.26,2366.2
683.32,2430.8
683.38,2395.9
683.43,2295.1
683.49,2293.4
683.55,2328.0
683.61,2298.9
683.67,2305.9
683.72,2247.0
683.78,2308.7
683.84,2305.5
683.90,2241.7
683.95,2258.9
684.01,2381.8
684.07,2408.5
684.13,2304.7
684.18,2363.6
684.24,2380.2
684.30,2334.6
684.36,2283.1
684.41,2308.5
684.47,2354.5
684.53,2331.1
684.59,2255.4
684.64,2218.6
684.70,2264.6
684.76,2270.1
684.82,2172.9
684.88,2270.3
684.93,2408.4
684.99,2321.3
685.05,2211.6
685.11,2300.9
685.16,2458.7
685.22,2463.6
685.28,2404.6
685.34,2367.6
685.39,2480.9
685.45,2456.7
685.51,2395.6
685.57,2339.1
685.62,2491.5
685.68,2585.3
685.74,2449.4
685.80,2436.0
685.85,2431.3
685.91,2449.7
685.97,2371.1
686.02,2440.4
686.08,2529.4
686.14,2588.3
686.20,2581.2
686.25,2587.7
686.31,2670.7
686.37,2583.3
686.43,2550.1
686.48,2545.9
686.54,2604.9
686.60,2599.6
686.66,2466.3
686.71,2451.2
686.77,2430.8
686.83,2387.6
686.89,2243.3
686.94,2209.8
687.00,2401.6
687.06,2361.7
687.11,2362.4
687.17,2396.1
687.23,2433.6
687.29,2438.4
687.34,2264.4
687.40,2191.5
687.46,2231.1
687.52,2296.8
687.57,2208.0
687.63,2154.6
687.69,2278.2
687.74,2303.4
687.80,2165.4
687.86,2163.1
687.92,2227.9
687.97,2260.8
688.03,2209.2
688.09,2167.5
688.14,2225.1
688.20,2200.2
688.26,2189.5
688.32,2130.2
688.37,2196.8
688.43,2241.4
688.49,2126.8
688.54,2202.6
688.60,2271.9
688.66,2345.4
688.72,2235.1
688.77,2245.6
688.83,2298.4
688.89,2146.5
688.94,2115.4
689.00,2043.0
689.06,2117.7
689.11,2105.9
689.17,1974.1
689.23,1934.3
689.29,1984.8
689.34,2012.2
689.40,1841.9
689.46,1906.9
689.51,2091.5
689.57,1994.3
689.63,1966.0
689.68,1993.3
689.74,2115.1
689.80,2296.0
689.86,2231.8
689.91,2270.2
689.97,2389.2
690.03,2482.8
690.08,2456.2
690.14,2390.3
690.20,2512.9
690.25,2443.5
690.31,2390.6
690.37,2370.8
690.42,2353.0
690.48,2344.1
690.54,2222.2
690.60,2196.4
690.65,2183.2
690.71,2153.3
690.77,2064.0
690.82,2069.4
690.88,2151.2
690.94,2117.1
690.99,2019.8
691.05,2038.6
691.11,2183.0
691.16,2165.4
691.22,2181.9
691.28,2197.2
691.33,2224.5
691.39,2231.8
691.45,2122.3
691.50,2176.3
691.56,2296.8
691.62,2288.0
691.67,2163.6
691.73,2169.7
691.79,2224.6
691.84,2152.4
691.90,2133.8
691.96,2284.4
692.01,2550.4
692.07,2761.1
692.13,2865.1
692.18,3028.9
692.24,3270.3
692.30,3439.2
692.35,3528.6
692.41,3739.6
692.47,4022.4
692.52,4121.1
692.58,4134.0
692.64,4259.9
692.69,4330.4
692.75,4306.6
692.81,4279.9
692.86,4261.4
692.92,4288.2
692.98,4256.9
693.03,4030.1
693.09,3870.5
693.15,3857.1
693.20,3583.7
693.26,3345.4
693.32,3197.2
693.37,3015.9
693.43,2773.9
693.49,2522.4
693.54,2403.4
693.60,2286.8
693.66,2263.9
693.71,2088.9
693.77,2029.7
693.82,2201.7
693.88,2111.7
693.94,1972.7
693.99,2052.9
694.05,2155.9
694.11,2151.5
694.16,2049.3
694.22,2075.0
694.28,2146.2
694.33,2185.6
694.39,2175.2
694.44,2042.9
694.50,2092.3
694.56,2138.4
694.61,2021.9
694.67,1975.6
694.73,2055.3
694.78,2088.4
694.84,1994.8
694.90,1965.5
694.95,2073.8
695.01,2025.8
695.06,1944.4
695.12,2094.4
695.18,2149.3
695.23,2260.7
695.29,2216.9
695.35,2150.6
695.40,2217.2
695.46,2169.4
695.51,2271.0
695.57,2267.3
695.63,2396.1
695.68,2413.8
695.74,2254.4
695.80,2211.0
695.85,2196.7
695.91,2216.6
695.96,2168.5
696.02,2260.9
696.08,2410.4
696.13,2297.0
696.19,2194.8
696.25,2184.7
696.30,2152.4
696.36,2199.9
696.41,2132.3
696.47,2115.6
696.53,2227.3
696.58,2217.0
696.64,2058.9
696.69,2055.5
696.75,2094.7
696.81,2037.7
696.86,2016.6
696.92,2054.1
696.97,2176.7
697.03,2234.2
697.09,2173.2
697.14,2157.9
697.20,2256.4
697.25,2236.7
697.31,2222.7
697.37,2273.7
697.42,2323.1
697.48,2309.6
697.53,2257.0
697.59,2251.3
697.65,2233.4
697.70,2279.7
697.76,2146.9
697.81,2141.3
697.87,2234.4
697.93,2279.8
697.98,2249.4
698.04,2285.1
698.09,2530.6
698.15,2540.9
698.21,2502.3
698.26,2542.7
698.32,2696.4
698.37,2726.3
698.43,2683.6
698.49,2727.6
698.54,2662.4
698.60,2612.8
698.65,2515.5
698.71,2376.2
698.76,2411.3
698.82,2474.9
698.88,2356.7
698.93,2238.0
698.99,2322.8
699.04,2316.0
699.10,2148.1
699.16,2163.3
699.21,2273.5
699.27,2231.7
699.32,2187.9
699.38,2163.1
699.43,2215.3
699.49,2253.6
699.55,2325.4
699.60,2351.9
699.66,2376.3
699.71,2483.6
699.77,2344.8
699.82,2391.4
699.88,2463.3
699.94,2467.6
699.99,2357.1
700.05,2342.3
700.10,2402.3
700.16,2247.5
700.21,2237.9
700.27,2199.6
700.32,2259.1
700.38,2268.5
700.44,2192.1
700.49,2201.3
700.55,2274.1
700.60,2244.4
700.66,2098.1
700.71,2077.2
700.77,2150.0
700.83,2160.2
700.88,2088.5
700.94,2089.7
700.99,2142.1
701.05,2160.8
701.10,2121.0
701.16,2172.3
701.21,2307.1
701.27,2353.9
701.32,2265.9
701.38,2250.0
701.44,2298.5
701.49,2311.8
701.55,2248.3
701.60,2284.3
701.66,2371.6
701.71,2298.5
701.77,2213.4
701.82,2170.3
701.88,2285.3
701.93,2357.6
701.99,2343.6
702.05,2387.6
702.10,2521.4
702.16,2641.9
702.21,2616.6
702.27,2746.9
702.32,2991.7
702.38,3129.2
702.43,3196.4
702.49,3539.1
702.54,3862.9
702.60,4016.4
702.65,4160.9
702.71,4261.6
702.77,4486.1
702.82,4558.3
702.88,4558.4
702.93,4537.2
702.99,4761.9
703.04,4758.4
703.10,4456.8
703.15,4496.4
703.21,4474.7
703.26,4451.9
703.32,4258.7
703.37,4063.6
703.43,4019.2
703.48,3841.5
703.54,3556.8
703.59,3215.9
703.65,3213.3
703.70,3092.3
703.76,2787.9
703.81,2682.9
703.87,2611.0
703.93,2540.9
703.98,2424.8
704.04,2389.6
704.09,2386.1
704.15,2494.4
704.20,2434.9
704.26,2330.6
704.31,2366.4
704.37,2438.2
704.42,2380.1
704.48,2272.1
704.53,2388.0
704.59,2378.6
704.64,2338.9
704.70,2329.5
704.75,2362.3
704.81,2358.2
704.86,2319.8
704.92,2225.7
704.97,2168.8
705.03,2192.7
705.08,2141.4
705.14,2090.4
705.19,2081.7
705.25,2046.0
705.30,1963.4
705.36,1984.3
705.41,2036.3
705.47,2024.5
705.52,2016.8
705.58,1985.4
705.63,2032.1
705.69,2073.6
705.74,2022.3
705.80,2085.8
705.85,2164.1
705.91,2170.3
705.96,2090.0
706.02,2130.9
706.07,2303.9
706.13,2290.6
706.18,2259.0
706.24,2273.2
706.29,2328.8
706.35,2290.6
706.40,2129.6
706.45,2116.8
706.51,2148.1
706.56,2190.6
706.62,2092.9
706.67,1978.5
706.73,2151.1
706.78,2113.4
706.84,2025.6
706.89,2162.7
706.95,2267.8
707.00,2317.7
707.06,2270.9
707.11,2344.2
707.17,2375.4
707.22,2407.1
707.28,2352.6
707.33,2253.9
707.39,2364.8
707.44,2266.7
707.50,2136.1
707.55,2152.0
707.60,2337.4
707.66,2413.3
707.71,2304.9
707.77,2302.3
707.82,2346.1
707.88,2350.8
707.93,2234.4
707.99,2327.3
708.04,2419.3
708.10,2364.9
708.15,2328.6
708.21,2248.8
708.26,2268.0
708.31,2264.8
708.37,2189.4
708.42,2185.5
708.48,2233.8
708.53,2293.5
708.59,2124.5
708.64,2111.1
708.70,2258.8
708.75,2287.9
708.81,2274.9
708.86,2269.3
708.91,2398.1
708.97,2348.5
709.02,2329.7
709.08,2335.8
709.13,2370.3
709.19,2423.3
709.24,2340.8
709.30,2299.4
709.35,2249.5
709.40,2221.6
709.46,2121.5
709.51,2240.3
709.57,2419.2
709.62,2313.3
709.68,2248.3
709.73,2224.2
709.79,2318.8
709.84,2337.4
709.89,2294.6
709.95,2351.7
710.00,2407.9
710.06,2387.6
710.11,2184.5
710.17,2170.1
710.22,2330.1
710.27,2298.8
710.33,2298.1
710.38,2283.6
710.44,2339.9
710.49,2317.1
710.55,2264.9
710.60,2321.1
710.65,2410.9
710.71,2465.9
710.76,2278.6
710.82,2289.0
710.87,2387.6
710.93,2414.9
710.98,2346.1
711.03,2347.2
711.09,2414.7
711.14,2323.5
711.20,2268.6
711.25,2315.2
711.31,2445.8
711.36,2451.8
711.41,2359.0
711.47,2388.0
711.52,2399.3
711.58,2351.1
711.63,2272.2
711.68,2344.0
711.74,2446.4
711.79,2458.6
711.85,2280.9
711.90,2209.4
711.95,2408.9
712.01,2370.5
712.06,2269.9
712.12,2280.4
712.17,2505.7
712.23,2475.9
712.28,2336.4
712.33,2342.3
712.39,2327.4
712.44,2365.4
712.50,2204.4
712.55,2200.7
712.60,2320.6
712.66,2307.0
712.71,2165.6
712.77,2071.7
712.82,2174.6
712.87,2114.6
712.93,2029.1
712.98,2136.6
713.04,2215.0
713.09,2251.3
713.14,2101.7
713.20,2070.1
713.25,2266.6
713.30,2275.3
713.36,2206.8
713.41,2261.6
713.47,2460.6
713.52,2390.3
713.57,2235.7
713.63,2347.0
713.68,2453.3
713.74,2501.3
713.79,2369.6
713.84,2280.3
713.90,2418.9
713.95,2458.4
714.00,2339.0
714.06,2300.3
714.11,2397.6
714.17,2366.1
714.22,2168.9
714.27,2102.5
714.33,2221.9
714.38,2222.2
714.44,2157.1
714.49,2120.6
714.54,2130.4
714.60,2273.0
714.65,2215.8
714.70,2193.2
714.76,2294.2
714.81,2303.5
714.86,2311.2
714.92,2301.3
714.97,2478.8
715.03,2442.4
715.08,2362.3
715.13,2377.8
715.19,2262.8
715.24,2296.6
715.29,2253.7
715.35,2309.4
715.40,2399.4
715.46,2331.0
715.51,2250.4
715.56,2180.7
715.62,2305.1
715.67,2304.4
715.72,2210.4
715.78,2241.0
715.83,2329.6
715.88,2360.9
715.94,2200.7
715.99,2228.5
716.04,2318.4
716.10,2284.8
716.15,2257.8
716.20,2212.9
716.26,2366.8
716.31,2376.4
716.37,2254.0
716.42,2276.9
716.47,2337.2
716.53,2404.5
716.58,2311.1
716.63,2302.6
716.69,2388.9
716.74,2457.4
716.79,2449.6
716.85,2497.5
716.90,2630.2
716.95,2620.8
717.01,2532.3
717.06,2554.9
717.11,2590.6
717.17,2535.1
717.22,2493.2
717.27,2499.0
717.33,2510.4
717.38,2385.8
717.43,2209.1
717.49,2141.5
717.54,2333.9
717.59,2334.7
717.65,2187.8
717.70,2272.3
717.75,2406.5
717.81,2438.9
717.86,2341.9
717.91,2378.6
717.97,2471.6
718.02,2509.0
718.07,2415.8
718.13,2270.5
718.18,2298.1
718.23,2396.3
718.29,2274.6
718.34,2195.1
718.39,2298.8
718.45,2288.4
718.50,2212.9
718.55,2200.5
718.61,2261.5
718.66,2221.6
718.71,2212.3
718.76,2228.9
718.82,2271.0
718.87,2235.8
718.92,2121.1
718.98,2082.9
719.03,2105.4
719.08,2144.4
719.14,2083.0
719.19,2180.9
719.24,2289.0
719.30,2298.5
719.35,2195.0
719.40,2123.0
719.45,2404.9
719.51,2451.8
719.56,2381.0
719.61,2384.8
719.67,2368.3
719.72,2279.2
719.77,2127.3
719.83,2149.4
719.88,2193.5
719.93,2243.3
719.98,2125.9
720.04,2027.8
720.09,2093.9
720.14,2063.2
720.20,1923.9
720.25,2048.5
720.30,2262.4
720.36,2219.8
720.41,2159.1
720.46,2168.8
720.51,2250.1
720.57,2201.9
720.62,2073.7
720.67,2118.8
720.73,2260.3
720.78,2269.0
720.83,2111.1
720.88,2082.9
720.94,2168.8
720.99,2102.8
721.04,1986.0
721.10,1973.0
721.15,2028.1
721.20,2039.2
721.25,1896.3
721.31,1922.4
721.36,2071.3
721.41,2059.5
721.47,1964.0
721.52,2042.4
721.57,2141.5
721.62,2181.4
721.68,2175.3
721.73,2205.2
721.78,2352.9
721.83,2295.2
721.89,2166.1
721.94,2098.7
721.99,2277.3
722.05,2233.6
722.10,2134.3
722.15,2207.4
722.20,2184.7
722.26,2217.6
722.31,2168.6
722.36,2250.3
722.41,2352.6
722.47,2402.6
722.52,2353.3
722.57,2302.7
722.62,2564.5
722.68,2557.4
722.73,2422.1
722.78,2455.8
722.83,2460.0
722.89,2387.0
722.94,2229.8
722.99,2268.2
723.05,2361.1
723.10,2364.6
723.15,2307.6
723.20,2231.5
723.26,2267.1
723.31,2302.9
723.36,2194.3
723.41,2264.3
723.47,2377.1
723.52,2412.8
723.57,2322.2
723.62,2372.0
723.68,2591.7
723.73,2518.6
723.78,2478.4
723.83,2654.0
723.88,2808.6
723.94,2866.2
723.99,2935.4
724.04,2944.9
724.09,3019.3
724.15,3080.4
724.20,2991.1
724.25,2976.6
724.30,3097.4
724.36,3062.4
724.41,2972.7
724.46,3024.3
724.51,3137.0
724.57,3251.7
724.62,3182.4
724.67,3123.8
724.72,3114.4
724.77,2995.3
724.83,2834.8
724.88,2723.6
724.93,2721.1
724.98,2564.6
725.04,2445.5
725.09,2308.6
725.14,2230.1
725.19,2280.1
725.25,2157.4
725.30,2246.7
725.35,2341.1
725.40,2410.2
725.45,2380.8
725.51,2378.2
725.56,2473.7
725.61,2589.0
725.66,2577.0
725.72,2496.7
725.77,2634.8
725.82,2564.7
725.87,2493.4
725.92,2376.7
725.98,2334.6
726.03,2336.6
726.08,2327.8
726.13,2267.4
726.18,2207.1
726.24,2177.1
726.29,2035.4
726.34,2001.5
726.39,2109.0
726.44,2150.1
726.50,2152.7
726.55,2201.2
726.60,2218.0
726.65,2279.4
726.70,2229.6
726.76,2232.9
726.81,2264.2
726.86,2239.9
726.91,2150.1
726.96,2249.8
727.02,2262.0
727.07,2242.3
727.12,2245.3
727.17,2188.4
727.22,2210.8
727.28,2104.6
727.33,2095.5
727.38,2047.8
727.43,2186.3
727.48,2187.2
727.54,2011.7
727.59,2052.7
727.64,2125.9
727.69,2079.3
727.74,2170.1
727.80,2273.0
727.85,2356.3
727.90,2425.7
727.95,2375.9
728.00,2396.2
728.05,2441.8
728.11,2561.4
728.16,2443.2
728.21,2514.6
728.26,2569.9
728.31,2448.2
728.37,2430.9
728.42,2414.0
728.47,2453.2
728.52,2403.5
728.57,2325.6
728.62,2252.4
728.68,2251.9
728.73,2245.5
728.78,2123.2
728.83,2144.2
728.88,2194.0
728.93,2124.8
728.99,2024.4
729.04,2014.2
729.09,2088.8
729.14,2089.8
729.19,2050.6
729.24,2051.1
729.30,2094.6
729.35,2106.2
729.40,2049.9
729.45,2030.6
729.50,2109.2
729.55,2083.6
729.61,2055.2
729.66,2059.5
729.71,2105.2
729.76,2089.7
729.81,2030.0
729.86,2070.3
729.92,2114.5
729.97,2099.7
730.02,2056.6
730.07,2111.2
730.12,2235.6
730.17,2234.5
730.22,2142.6
730.28,2200.8
730.33,2260.1
730.38,2232.7
730.43,2099.7
730.48,2078.9
730.53,2146.1
730.58,2092.7
730.64,2066.7
730.69,2094.1
730.74,2273.4
730.79,2317.4
730.84,2258.8
730.89,2334.6
730.94,2369.4
731.00,2406.5
731.05,2388.2
731.10,2431.6
731.15,2459.1
731.20,2413.3
731.25,2284.7
731.30,2207.9
731.36,2261.7
731.41,2185.6
731.46,2169.3
731.51,2177.0
731.56,2236.4
731.61,2224.8
731.66,2205.8
731.71,2189.2
731.77,2236.6
731.82,2288.0
731.87,2227.5
731.92,2337.6
731.97,2519.6
732.02,2520.5
732.07,2455.9
732.12,2610.2
732.18,2660.3
732.23,2636.4
732.28,2702.7
732.33,2701.8
732.38,2619.1
732.43,2566.6
732.48,2386.3
732.53,2285.4
732.59,2462.3
732.64,2549.2
732.69,2447.5
732.74,2426.8
732.79,2501.8
732.84,2424.3
732.89,2348.4
732.94,2370.0
732.99,2598.3
733.05,2628.3
733.10,2518.9
733.15,2491.2
733.20,2433.3
733.25,2454.6
733.30,2298.2
733.35,2247.2
733.40,2285.1
733.45,2418.5
733.50,2342.5
733.56,2190.6
733.61,2433.3
733.66,2401.1
733.71,2282.3
733.76,2271.2
733.81,2272.4
733.86,2350.5
733.91,2305.1
733.96,2235.7
734.01,2299.7
734.07,2382.8
734.12,2286.6
734.17,2202.8
734.22,2245.9
734.27,2301.9
734.32,2257.6
734.37,2259.3
734.42,2322.0
734.47,2306.8
734.52,2351.5
734.57,2362.1
734.63,2378.4
734.68,2406.8
734.73,2329.7
734.78,2300.4
734.83,2253.3
734.88,2196.9
734.93,2133.8
734.98,2124.8
735.03,2221.8
735.08,2132.2
735.13,2066.7
735.18,2145.4
735.23,2171.9
735.29,2210.9
735.34,2165.8
735.39,2169.7
735.44,2335.8
735.49,2302.7
735.54,2210.0
735.59,2280.9
735.64,2309.6
735.69,2239.6
735.74,2114.5
735.79,2117.5
735.84,2120.0
735.89,2168.6
735.94,2142.1
736.00,2033.2
736.05,2238.3
736.10,2195.6
736.15,2088.2
736.20,2057.8
736.25,2116.8
736.30,2120.1
736.35,1964.3
736.40,2021.6
736.45,2042.5
736.50,2079.1
736.55,2002.0
736.60,1980.2
736.65,2026.6
736.70,2067.7
736.75,2097.7
736.80,2033.7
736.85,2102.0
736.91,2185.7
736.96,2113.6
737.01,2159.9
737.06,2276.8
737.11,2222.9
737.16,2237.2
737.21,2294.9
737.26,2334.5
737.31,2282.2
737.36,2367.1
737.41,2399.9
737.46,2446.5
737.51,2526.4
737.56,2403.4
737.61,2442.7
737.66,2532.9
737.71,2459.3
737.76,2409.3
737.81,2512.7
737.86,2534.8
737.91,2475.6
737.96,2435.0
738.01,2420.8
738.06,2425.2
738.12,2408.4
738.17,2291.5
738.22,2260.4
738.27,2386.6
738.32,2458.5
738.37,2373.2
738.42,2358.7
738.47,2419.1
738.52,2319.4
738.57,2288.8
738.62,2243.8
738.67,2255.9
738.72,2296.4
738.77,2217.9
738.82,2174.6
738.87,2035.2
738.92,2082.8
738.97,2022.6
739.02,2086.2
739.07,2188.9
739.12,2069.4
739.17,2052.7
739.22,2051.6
739.27,2127.1
739.32,2131.6
739.37,2222.8
739.42,2206.9
739.47,2236.5
739.52,2181.0
739.57,2020.1
739.62,2073.7
739.67,2152.0
739.72,2156.3
739.77,2081.3
739.82,2121.0
739.87,2104.1
739.92,1999.6
739.97,1908.9
740.02,1959.3
740.07,2094.5
740.12,2082.8
740.17,2059.1
740.22,2066.7
740.27,2157.6
740.32,2114.1
740.37,2052.5
740.42,2093.6
740.47,2166.8
740.52,2174.1
740.57,2042.7
740.62,2160.6
740.67,2204.5
740.72,2181.9
740.77,2147.2
740.82,2127.6
740.87,2301.2
740.92,2339.1
740.97,2313.3
741.02,2307.5
741.07,2466.1
741.12,2409.8
741.17,2277.4
741.22,2358.9
741.27,2346.9
741.32,2390.7
741.37,2315.7
741.42,2247.5
741.47,2241.8
741.52,2227.2
741.57,2208.9
741.62,2157.4
741.67,2258.5
741.72,2230.8
741.77,2163.4
741.82,2180.5
741.87,2174.7
741.92,2210.7
741.97,2171.4
742.02,2180.3
742.07,2198.7
742.12,2158.3
742.16,2108.7
742.21,1943.0
742.26,2361.0
742.31,2240.0
742.36,1994.0
742.41,1758.0
