t,u_1,u_2
+74.20000E-03,+2.92552510E+00,+2.91368450E+00
+74.21000E-03,+2.92584871E+00,+2.91314631E+00
+74.22000E-03,+2.92605273E+00,+2.91330862E+00
+74.23000E-03,+2.92641153E+00,+2.91336842E+00
+74.24000E-03,+2.92563766E+00,+2.91330008E+00
+74.25000E-03,+2.92622861E+00,+2.91308651E+00
+74.26000E-03,+2.92620047E+00,+2.91330008E+00
+74.27000E-03,+2.92651705E+00,+2.91294983E+00
+74.28000E-03,+2.92595424E+00,+2.91306942E+00
+74.29000E-03,+2.92631303E+00,+2.91324028E+00
+74.30000E-03,+2.92608791E+00,+2.91355636E+00
+74.31000E-03,+2.92623565E+00,+2.91412018E+00
+74.32000E-03,+2.92591906E+00,+2.91365033E+00
+74.33000E-03,+2.92562359E+00,+2.91330008E+00
+74.34000E-03,+2.92543364E+00,+2.91311214E+00
+74.35000E-03,+2.92566580E+00,+2.91394079E+00
+74.36000E-03,+2.92617937E+00,+2.91324028E+00
+74.37000E-03,+2.92652409E+00,+2.91330008E+00
+74.38000E-03,+2.92731907E+00,+2.91349656E+00
+74.39000E-03,+2.92589093E+00,+2.91319757E+00
+74.40000E-03,+2.92527886E+00,+2.91342822E+00
+74.41000E-03,+2.92570097E+00,+2.91375284E+00
+74.42000E-03,+2.92529997E+00,+2.91320611E+00
+74.43000E-03,+2.92560952E+00,+2.91324882E+00
+74.44000E-03,+2.92566580E+00,+2.91291565E+00
+74.45000E-03,+2.92450499E+00,+2.91287294E+00
+74.46000E-03,+2.92611605E+00,+2.91353073E+00
+74.47000E-03,+2.92624971E+00,+2.91341967E+00
+74.48000E-03,+2.92598942E+00,+2.91380410E+00
+74.49000E-03,+2.92537033E+00,+2.91297546E+00
+74.50000E-03,+2.92587685E+00,+2.91372722E+00
+74.51000E-03,+2.92617233E+00,+2.91326591E+00
+74.52000E-03,+2.92599645E+00,+2.91330008E+00
+74.53000E-03,+2.92613715E+00,+2.91352219E+00
+74.54000E-03,+2.92627786E+00,+2.91357344E+00
+74.55000E-03,+2.92587685E+00,+2.91334279E+00
+74.56000E-03,+2.92576430E+00,+2.91290712E+00
+74.57000E-03,+2.92662962E+00,+2.91316339E+00
+74.58000E-03,+2.92610902E+00,+2.91335988E+00
+74.59000E-03,+2.92587685E+00,+2.91363325E+00
+74.60000E-03,+2.92580650E+00,+2.91334279E+00
+74.61000E-03,+2.92604570E+00,+2.91340259E+00
+74.62000E-03,+2.92559545E+00,+2.91294129E+00
+74.63000E-03,+2.92521554E+00,+2.91306943E+00
+74.64000E-03,+2.92645374E+00,+2.91324882E+00
+74.65000E-03,+2.92615826E+00,+2.91334279E+00
+74.66000E-03,+2.92552510E+00,+2.91287294E+00
+74.67000E-03,+2.92560248E+00,+2.91333425E+00
+74.68000E-03,+2.92563063E+00,+2.91327445E+00
+74.69000E-03,+2.92617938E+00,+2.91309505E+00
+74.70000E-03,+2.92636932E+00,+2.91330008E+00
+74.71000E-03,+2.92557434E+00,+2.91351365E+00
+74.72000E-03,+2.92534218E+00,+2.91330862E+00
+74.73000E-03,+2.92486380E+00,+2.91308651E+00
+74.74000E-03,+2.92555324E+00,+2.91354782E+00
+74.75000E-03,+2.92482158E+00,+2.91265939E+00
+74.76000E-03,+2.92617233E+00,+2.91315485E+00
+74.77000E-03,+2.92622861E+00,+2.91330008E+00
+74.78000E-03,+2.92543364E+00,+2.91330008E+00
+74.79000E-03,+2.92568690E+00,+2.91308651E+00
+74.80000E-03,+2.92584167E+00,+2.91330008E+00
+74.81000E-03,+2.92586982E+00,+2.91349656E+00
+74.82000E-03,+2.92649596E+00,+2.91337696E+00
+74.83000E-03,+2.92648188E+00,+2.91302671E+00
+74.84000E-03,+2.92577836E+00,+2.91311214E+00
+74.85000E-03,+2.92584167E+00,+2.91347093E+00
+74.86000E-03,+2.92627785E+00,+2.91335134E+00
+74.87000E-03,+2.92551102E+00,+2.91349656E+00
+74.88000E-03,+2.92620048E+00,+2.91331716E+00
+74.89000E-03,+2.92622861E+00,+2.91286439E+00
+74.90000E-03,+2.92559545E+00,+2.91291566E+00
+74.91000E-03,+2.92492007E+00,+2.91265938E+00
+74.92000E-03,+2.92655926E+00,+2.91308651E+00
+74.93000E-03,+2.92598941E+00,+2.91297547E+00
+74.94000E-03,+2.92590499E+00,+2.91286440E+00
+74.95000E-03,+2.92626380E+00,+2.91308651E+00
+74.96000E-03,+2.92555322E+00,+2.91357345E+00
+74.97000E-03,+2.92576431E+00,+2.91277043E+00
+74.98000E-03,+2.92603165E+00,+2.91321467E+00
+74.99000E-03,+2.91648416E+00,+2.91344530E+00
+75.00000E-03,-3.07231399E+00,+2.90603875E+00
+75.01000E-03,-3.04207677E+00,+2.88684321E+00
+75.02000E-03,-3.01499132E+00,+2.85820806E+00
+75.03000E-03,-2.98930594E+00,+2.81399945E+00
+75.04000E-03,-2.96350088E+00,+2.76161549E+00
+75.05000E-03,-2.94128383E+00,+2.69768184E+00
+75.06000E-03,-2.91500039E+00,+2.62543591E+00
+75.07000E-03,-2.89559739E+00,+2.53475494E+00
+75.08000E-03,-2.87021445E+00,+2.43646253E+00
+75.09000E-03,-2.85257728E+00,+2.32690204E+00
+75.10000E-03,-2.82858030E+00,+2.20412638E+00
+75.11000E-03,-2.80998634E+00,+2.07567781E+00
+75.12000E-03,-2.78972501E+00,+1.92447195E+00
+75.13000E-03,-2.76874614E+00,+1.77510254E+00
+75.14000E-03,-2.75409185E+00,+1.61972747E+00
+75.15000E-03,-2.73276121E+00,+1.44425180E+00
+75.16000E-03,-2.71916223E+00,+1.27439673E+00
+75.17000E-03,-2.70186271E+00,+1.07905917E+00
+75.18000E-03,-2.68506976E+00,+899.83280E-03
+75.19000E-03,-2.67423561E+00,+688.69965E-03
+75.20000E-03,-2.66455518E+00,+492.67869E-03
+75.21000E-03,-2.64989385E+00,+276.53075E-03
+75.22000E-03,-2.63910896E+00,+66.77321E-03
+75.23000E-03,-2.63071601E+00,-161.76184E-03
+75.24000E-03,-2.62256930E+00,-380.04500E-03
+75.25000E-03,-2.61379641E+00,-610.57044E-03
+75.26000E-03,-2.60525572E+00,-864.04132E-03
+75.27000E-03,-2.60042258E+00,-1.08744153E+00
+75.28000E-03,-2.59575825E+00,-1.33908458E+00
+75.29000E-03,-2.59243765E+00,-1.57101039E+00
+75.30000E-03,-2.59128389E+00,-1.81752786E+00
+75.31000E-03,-2.59096028E+00,-2.05927771E+00
+75.32000E-03,-2.59079846E+00,-2.29783304E+00
+75.33000E-03,-2.58842058E+00,-2.53420138E+00
+75.34000E-03,-2.59077736E+00,-2.77766017E+00
+75.35000E-03,-2.59430903E+00,-3.01568585E+00
+75.36000E-03,-2.59799548E+00,-3.25494157E+00
+75.37000E-03,-2.60647289E+00,-3.49264286E+00
+75.38000E-03,-2.61472513E+00,-3.72352651E+00
+75.39000E-03,-2.62402565E+00,-3.95233453E+00
+75.40000E-03,-2.63043468E+00,-4.17740933E+00
+75.41000E-03,-2.63891210E+00,-4.40003256E+00
+75.42000E-03,-2.65216638E+00,-4.61359171E+00
+75.43000E-03,-2.66546987E+00,-4.82455403E+00
+75.44000E-03,-2.67405980E+00,-5.02786203E+00
+75.45000E-03,-2.68450002E+00,-5.22521583E+00
+75.46000E-03,-2.70054027E+00,-5.41975901E+00
+75.47000E-03,-2.71635531E+00,-5.60310262E+00
+75.48000E-03,-2.72772415E+00,-5.78361022E+00
+75.49000E-03,-2.74324378E+00,-5.95208960E+00
+75.50000E-03,-2.76153521E+00,-6.11271824E+00
+75.51000E-03,-2.77569000E+00,-6.26961363E+00
+75.52000E-03,-2.79683072E+00,-6.41938448E+00
+75.53000E-03,-2.81128798E+00,-6.55605070E+00
+75.54000E-03,-2.82841165E+00,-6.68449897E+00
+75.55000E-03,-2.85024877E+00,-6.80659978E+00
+75.56000E-03,-2.86446692E+00,-6.91802234E+00
+75.57000E-03,-2.88624079E+00,-7.01854462E+00
+75.58000E-03,-2.90306891E+00,-7.10491997E+00
+75.59000E-03,-2.92411114E+00,-7.19163683E+00
+75.60000E-03,-2.94406288E+00,-7.25902184E+00
+75.61000E-03,-2.96188303E+00,-7.32603086E+00
+75.62000E-03,-2.98394532E+00,-7.37210172E+00
+75.63000E-03,-3.00232122E+00,-7.42000902E+00
+75.64000E-03,-3.02773223E+00,-7.45685380E+00
+75.65000E-03,-3.04667097E+00,-7.48100396E+00
+75.66000E-03,-3.07116037E+00,-7.50352252E+00
+75.67000E-03,-3.08622272E+00,-7.51054455E+00
+75.68000E-03,-3.10990311E+00,-7.50580328E+00
+75.69000E-03,-3.12516233E+00,-7.48959767E+00
+75.70000E-03,-3.14340463E+00,-7.46584032E+00
+75.71000E-03,-3.16415130E+00,-7.43022575E+00
+75.72000E-03,-3.17985385E+00,-7.39737877E+00
+75.73000E-03,-3.20129705E+00,-7.35570755E+00
+75.74000E-03,-3.21653525E+00,-7.29537008E+00
+75.75000E-03,-3.23429908E+00,-7.21963911E+00
+75.76000E-03,-3.25299149E+00,-7.15408224E+00
+75.77000E-03,-3.26678048E+00,-7.06668150E+00
+75.78000E-03,-3.28424177E+00,-6.98448382E+00
+75.79000E-03,-3.30089404E+00,-6.88577240E+00
+75.80000E-03,-3.31242470E+00,-6.78242282E+00
+75.81000E-03,-3.33006193E+00,-6.66876178E+00
+75.82000E-03,-3.34692519E+00,-6.55095781E+00
+75.83000E-03,-3.35771010E+00,-6.42843838E+00
+75.84000E-03,-3.37161865E+00,-6.29272005E+00
+75.85000E-03,-3.38478145E+00,-6.15671154E+00
+75.86000E-03,-3.39375830E+00,-6.01562005E+00
+75.87000E-03,-3.40074426E+00,-5.86885616E+00
+75.88000E-03,-3.41329501E+00,-5.71627482E+00
+75.89000E-03,-3.42330606E+00,-5.56288190E+00
+75.90000E-03,-3.43181157E+00,-5.39803297E+00
+75.91000E-03,-3.43649697E+00,-5.23156964E+00
+75.92000E-03,-3.44198440E+00,-5.06496111E+00
+75.93000E-03,-3.44664872E+00,-4.89640467E+00
+75.94000E-03,-3.45039849E+00,-4.72701984E+00
+75.95000E-03,-3.45418340E+00,-4.55106567E+00
+75.96000E-03,-3.45746180E+00,-4.37218958E+00
+75.97000E-03,-3.45969192E+00,-4.19246810E+00
+75.98000E-03,-3.46269597E+00,-4.01500164E+00
+75.99000E-03,-3.46356125E+00,-3.83510927E+00
+76.00000E-03,-3.46223866E+00,-3.65561821E+00
+76.01000E-03,-3.45988889E+00,-3.48191942E+00
+76.02000E-03,-3.45789090E+00,-3.29925898E+00
+76.03000E-03,-3.45561852E+00,-3.11985353E+00
+76.04000E-03,-3.45153108E+00,-2.94493289E+00
+76.05000E-03,-3.44704264E+00,-2.77336949E+00
+76.06000E-03,-3.44320144E+00,-2.59814998E+00
+76.07000E-03,-3.43901550E+00,-2.43329231E+00
+76.08000E-03,-3.43735519E+00,-2.27239928E+00
+76.09000E-03,-3.43180444E+00,-2.11593918E+00
+76.10000E-03,-3.42350992E+00,-1.94711839E+00
+76.11000E-03,-3.41280940E+00,-1.80381406E+00
+76.12000E-03,-3.40332603E+00,-1.64527873E+00
+76.13000E-03,-3.39573508E+00,-1.49773753E+00
+76.14000E-03,-3.39023355E+00,-1.35764522E+00
+76.15000E-03,-3.37943454E+00,-1.21697268E+00
+76.16000E-03,-3.36552595E+00,-1.08980568E+00
+76.17000E-03,-3.35303155E+00,-953.19937E-03
+76.18000E-03,-3.34321039E+00,-844.73232E-03
+76.19000E-03,-3.32671283E+00,-714.91723E-03
+76.20000E-03,-3.31355014E+00,-616.59101E-03
+76.21000E-03,-3.30262449E+00,-511.02856E-03
+76.22000E-03,-3.28959533E+00,-418.33209E-03
+76.23000E-03,-3.27299931E+00,-327.12126E-03
+76.24000E-03,-3.26082146E+00,-250.58721E-03
+76.25000E-03,-3.24748972E+00,-171.68663E-03
+76.26000E-03,-3.22848773E+00,-99.42380E-03
+76.27000E-03,-3.21645066E+00,-41.41917E-03
+76.28000E-03,-3.20341437E+00,+15.88547E-03
+76.29000E-03,-3.18628374E+00,+65.22800E-03
+76.30000E-03,-3.17193202E+00,+100.82572E-03
+76.31000E-03,-3.16009179E+00,+128.81135E-03
+76.32000E-03,-3.14169477E+00,+160.69284E-03
+76.33000E-03,-3.12729382E+00,+179.76853E-03
+76.34000E-03,-3.11783151E+00,+189.65242E-03
+76.35000E-03,-3.10080635E+00,+195.90566E-03
+76.36000E-03,-3.08464663E+00,+193.10357E-03
+76.37000E-03,-3.07405861E+00,+183.82612E-03
+76.38000E-03,-3.05791991E+00,+170.54219E-03
+76.39000E-03,-3.04114809E+00,+139.56619E-03
+76.40000E-03,-3.02968079E+00,+117.26974E-03
+76.41000E-03,-3.01360537E+00,+77.10189E-03
+76.42000E-03,-2.99826167E+00,+38.94133E-03
+76.43000E-03,-2.98700539E+00,-13.28030E-03
+76.44000E-03,-2.97469379E+00,-67.38996E-03
+76.45000E-03,-2.95936417E+00,-131.36641E-03
+76.46000E-03,-2.94879034E+00,-194.94109E-03
+76.47000E-03,-2.94077732E+00,-265.76025E-03
+76.48000E-03,-2.93048477E+00,-343.61019E-03
+76.49000E-03,-2.91585866E+00,-423.50155E-03
+76.50000E-03,-2.90610796E+00,-517.24065E-03
+76.51000E-03,-2.89812302E+00,-605.23938E-03
+76.52000E-03,-2.89048280E+00,-699.49949E-03
+76.53000E-03,-2.88099234E+00,-808.20564E-03
+76.54000E-03,-2.87140341E+00,-911.46998E-03
+76.55000E-03,-2.86354513E+00,-1.02429378E+00
+76.56000E-03,-2.85891600E+00,-1.13651102E+00
+76.57000E-03,-2.85417430E+00,-1.25503247E+00
+76.58000E-03,-2.84979136E+00,-1.37234148E+00
+76.59000E-03,-2.84501450E+00,-1.49630455E+00
+76.60000E-03,-2.83980141E+00,-1.61357069E+00
+76.61000E-03,-2.83395524E+00,-1.74588853E+00
+76.62000E-03,-2.83099343E+00,-1.86576008E+00
+76.63000E-03,-2.82694110E+00,-1.99912060E+00
+76.64000E-03,-2.82497128E+00,-2.13025914E+00
+76.65000E-03,-2.82333912E+00,-2.25867384E+00
+76.66000E-03,-2.81719043E+00,-2.38899238E+00
+76.67000E-03,-2.81660653E+00,-2.51281110E+00
+76.68000E-03,-2.81733114E+00,-2.64943416E+00
+76.69000E-03,-2.81799243E+00,-2.77367939E+00
+76.70000E-03,-2.81982160E+00,-2.91483972E+00
+76.71000E-03,-2.82136935E+00,-3.03377960E+00
+76.72000E-03,-2.82509799E+00,-3.16868644E+00
+76.73000E-03,-2.82760249E+00,-3.29233329E+00
+76.74000E-03,-2.83199949E+00,-3.42444668E+00
+76.75000E-03,-2.83786686E+00,-3.55033180E+00
+76.76000E-03,-2.84318547E+00,-3.66508581E+00
+76.77000E-03,-2.84850407E+00,-3.79425216E+00
+76.78000E-03,-2.85250004E+00,-3.90182164E+00
+76.79000E-03,-2.85687587E+00,-4.02219714E+00
+76.80000E-03,-2.86076634E+00,-4.13196207E+00
+76.81000E-03,-2.86698549E+00,-4.24014736E+00
+76.82000E-03,-2.87516033E+00,-4.34503473E+00
+76.83000E-03,-2.88587497E+00,-4.44929840E+00
+76.84000E-03,-2.89368393E+00,-4.54691606E+00
+76.85000E-03,-2.90023370E+00,-4.63457246E+00
+76.86000E-03,-2.90771913E+00,-4.72658602E+00
+76.87000E-03,-2.91711820E+00,-4.80672544E+00
+76.88000E-03,-2.92915533E+00,-4.89069178E+00
+76.89000E-03,-2.93875130E+00,-4.96432093E+00
+76.90000E-03,-2.94589198E+00,-5.03138152E+00
+76.91000E-03,-2.95399654E+00,-5.10105592E+00
+76.92000E-03,-2.96710306E+00,-5.16183708E+00
+76.93000E-03,-2.97895035E+00,-5.21724509E+00
+76.94000E-03,-2.98834929E+00,-5.26803169E+00
+76.95000E-03,-2.99731915E+00,-5.31247932E+00
+76.96000E-03,-3.01051725E+00,-5.34998160E+00
+76.97000E-03,-3.02405288E+00,-5.39116592E+00
+76.98000E-03,-3.03511213E+00,-5.41734951E+00
+76.99000E-03,-3.04527093E+00,-5.44593316E+00
+77.00000E-03,-3.05754032E+00,-5.45877283E+00
+77.01000E-03,-3.07086490E+00,-5.47610608E+00
+77.02000E-03,-3.07960254E+00,-5.48812553E+00
+77.03000E-03,-3.08809402E+00,-5.49190996E+00
+77.04000E-03,-3.09967400E+00,-5.48996204E+00
+77.05000E-03,-3.11280160E+00,-5.48068455E+00
+77.06000E-03,-3.12232717E+00,-5.46373583E+00
+77.07000E-03,-3.12853925E+00,-5.45141730E+00
+77.08000E-03,-3.13747390E+00,-5.43062407E+00
+77.09000E-03,-3.14983480E+00,-5.40039150E+00
+77.10000E-03,-3.16095737E+00,-5.36830484E+00
+77.11000E-03,-3.16920958E+00,-5.33708981E+00
+77.12000E-03,-3.17535834E+00,-5.29021615E+00
+77.13000E-03,-3.18555937E+00,-5.24316249E+00
+77.14000E-03,-3.19533127E+00,-5.19518635E+00
+77.15000E-03,-3.20573623E+00,-5.14290514E+00
+77.16000E-03,-3.21228598E+00,-5.08942741E+00
+77.17000E-03,-3.21816033E+00,-5.02329019E+00
+77.18000E-03,-3.22470308E+00,-4.96537052E+00
+77.19000E-03,-3.23242071E+00,-4.89594366E+00
+77.20000E-03,-3.23978647E+00,-4.82878944E+00
+77.21000E-03,-3.24842570E+00,-4.75089666E+00
+77.22000E-03,-3.25443364E+00,-4.67576383E+00
+77.23000E-03,-3.25872516E+00,-4.59214747E+00
+77.24000E-03,-3.26189805E+00,-4.51399873E+00
+77.25000E-03,-3.26542968E+00,-4.42723886E+00
+77.26000E-03,-3.26998143E+00,-4.32907425E+00
+77.27000E-03,-3.27354124E+00,-4.24869657E+00
+77.28000E-03,-3.27767086E+00,-4.15506772E+00
+77.29000E-03,-3.28248297E+00,-4.06689005E+00
+77.30000E-03,-3.28572611E+00,-3.96943457E+00
+77.31000E-03,-3.28831506E+00,-3.87150155E+00
+77.32000E-03,-3.29034120E+00,-3.78138400E+00
+77.33000E-03,-3.29188893E+00,-3.68370677E+00
+77.34000E-03,-3.29167789E+00,-3.58343249E+00
+77.35000E-03,-3.29202260E+00,-3.49053068E+00
+77.36000E-03,-3.29199440E+00,-3.39117016E+00
+77.37000E-03,-3.29157933E+00,-3.29468824E+00
+77.38000E-03,-3.29156533E+00,-3.19907026E+00
+77.39000E-03,-3.28908186E+00,-3.10108548E+00
+77.40000E-03,-3.28618338E+00,-3.00257053E+00
+77.41000E-03,-3.28390391E+00,-2.91269244E+00
+77.42000E-03,-3.28003458E+00,-2.81961993E+00
+77.43000E-03,-3.27589792E+00,-2.72359143E+00
+77.44000E-03,-3.27141654E+00,-2.63109054E+00
+77.45000E-03,-3.26750491E+00,-2.54946552E+00
+77.46000E-03,-3.26392405E+00,-2.45930528E+00
+77.47000E-03,-3.26094820E+00,-2.37981551E+00
+77.48000E-03,-3.26046272E+00,-2.29908680E+00
+77.49000E-03,-3.25641045E+00,-2.22288609E+00
+77.50000E-03,-3.25135920E+00,-2.14184964E+00
+77.51000E-03,-3.24495716E+00,-2.06968082E+00
+77.52000E-03,-3.23797830E+00,-1.99763176E+00
+77.53000E-03,-3.22995817E+00,-1.92901633E+00
+77.54000E-03,-3.22292296E+00,-1.86698771E+00
+77.55000E-03,-3.21780139E+00,-1.79821936E+00
+77.56000E-03,-3.21263762E+00,-1.74041096E+00
+77.57000E-03,-3.20700945E+00,-1.68754840E+00
+77.58000E-03,-3.19905255E+00,-1.63495070E+00
+77.59000E-03,-3.18957623E+00,-1.58328457E+00
+77.60000E-03,-3.18086669E+00,-1.54625172E+00
+77.61000E-03,-3.17340947E+00,-1.50317969E+00
+77.62000E-03,-3.16840743E+00,-1.46327693E+00
+77.63000E-03,-3.16199132E+00,-1.42894326E+00
+77.64000E-03,-3.15288778E+00,-1.40249566E+00
+77.65000E-03,-3.14291188E+00,-1.37462897E+00
+77.66000E-03,-3.13423053E+00,-1.35144450E+00
+77.67000E-03,-3.12780038E+00,-1.33780157E+00
+77.68000E-03,-3.12198233E+00,-1.31736747E+00
+77.69000E-03,-3.11702253E+00,-1.30455351E+00
+77.70000E-03,-3.10643445E+00,-1.29941085E+00
+77.71000E-03,-3.09704258E+00,-1.29796722E+00
+77.72000E-03,-3.08818528E+00,-1.29877880E+00
+77.73000E-03,-3.08222658E+00,-1.30144417E+00
+77.74000E-03,-3.07652095E+00,-1.31082428E+00
+77.75000E-03,-3.06914812E+00,-1.33050664E+00
+77.76000E-03,-3.06124758E+00,-1.34665231E+00
+77.77000E-03,-3.05127867E+00,-1.36149119E+00
+77.78000E-03,-3.04456718E+00,-1.39033140E+00
+77.79000E-03,-3.03714509E+00,-1.41153452E+00
+77.80000E-03,-3.03084159E+00,-1.44792641E+00
+77.81000E-03,-3.02367974E+00,-1.47291427E+00
+77.82000E-03,-3.01608880E+00,-1.51418368E+00
+77.83000E-03,-3.00700644E+00,-1.55570150E+00
+77.84000E-03,-3.00014011E+00,-1.59352027E+00
+77.85000E-03,-2.99531397E+00,-1.63757505E+00
+77.86000E-03,-2.99071999E+00,-1.68848098E+00
+77.87000E-03,-2.98707577E+00,-1.73692661E+00
+77.88000E-03,-2.98236221E+00,-1.78922497E+00
+77.89000E-03,-2.97758529E+00,-1.84605118E+00
+77.90000E-03,-2.97315320E+00,-1.90128831E+00
+77.91000E-03,-2.96796819E+00,-1.95735422E+00
+77.92000E-03,-2.96383152E+00,-2.02338996E+00
+77.93000E-03,-2.95964565E+00,-2.09012560E+00
+77.94000E-03,-2.95641654E+00,-2.15252171E+00
+77.95000E-03,-2.95282149E+00,-2.21980374E+00
+77.96000E-03,-2.95085872E+00,-2.28247280E+00
+77.97000E-03,-2.94675719E+00,-2.34855115E+00
+77.98000E-03,-2.94469590E+00,-2.41498812E+00
+77.99000E-03,-2.94398535E+00,-2.48788257E+00
+78.00000E-03,-2.94304266E+00,-2.55446447E+00
+78.01000E-03,-2.94298642E+00,-2.62083282E+00
+78.02000E-03,-2.94174819E+00,-2.69955441E+00
+78.03000E-03,-2.94253621E+00,-2.77168851E+00
+78.04000E-03,-2.94222661E+00,-2.84163679E+00
+78.05000E-03,-2.94244472E+00,-2.91654769E+00
+78.06000E-03,-2.94338035E+00,-2.98695630E+00
+78.07000E-03,-2.94330294E+00,-3.05599908E+00
+78.08000E-03,-2.94530805E+00,-3.12542578E+00
+78.09000E-03,-2.94603263E+00,-3.19442547E+00
+78.10000E-03,-2.94687687E+00,-3.26555978E+00
+78.11000E-03,-2.94840351E+00,-3.32818728E+00
+78.12000E-03,-2.95028190E+00,-3.40097948E+00
+78.13000E-03,-2.95329303E+00,-3.47205484E+00
+78.14000E-03,-2.95544572E+00,-3.52783875E+00
+78.15000E-03,-2.95946986E+00,-3.58873076E+00
+78.16000E-03,-2.96359255E+00,-3.64682979E+00
+78.17000E-03,-2.96782776E+00,-3.70774788E+00
+78.18000E-03,-2.97370210E+00,-3.76207134E+00
+78.19000E-03,-2.97887291E+00,-3.81772662E+00
+78.20000E-03,-2.98349500E+00,-3.86713747E+00
+78.21000E-03,-2.98716033E+00,-3.92106788E+00
+78.22000E-03,-2.99066392E+00,-3.97199072E+00
+78.23000E-03,-2.99508898E+00,-4.01895035E+00
+78.24000E-03,-2.99958442E+00,-4.05905855E+00
+78.25000E-03,-3.00372120E+00,-4.09642445E+00
+78.26000E-03,-3.01015132E+00,-4.13996610E+00
+78.27000E-03,-3.01752421E+00,-4.17787039E+00
+78.28000E-03,-3.02542481E+00,-4.20490803E+00
+78.29000E-03,-3.03044783E+00,-4.24141924E+00
+78.30000E-03,-3.03587193E+00,-4.26215271E+00
+78.31000E-03,-3.04071916E+00,-4.29475132E+00
+78.32000E-03,-3.04670605E+00,-4.30782170E+00
+78.33000E-03,-3.05450810E+00,-4.33108371E+00
+78.34000E-03,-3.06192316E+00,-4.35013373E+00
+78.35000E-03,-3.06900765E+00,-4.35953918E+00
+78.36000E-03,-3.07427695E+00,-4.36790248E+00
+78.37000E-03,-3.07894831E+00,-4.37923858E+00
+78.38000E-03,-3.08297238E+00,-4.38581659E+00
+78.39000E-03,-3.08797438E+00,-4.38787512E+00
+78.40000E-03,-3.09475632E+00,-4.38717456E+00
+78.41000E-03,-3.10110916E+00,-4.38130578E+00
+78.42000E-03,-3.10891810E+00,-4.37200268E+00
+78.43000E-03,-3.11522167E+00,-4.36326348E+00
+78.44000E-03,-3.11989307E+00,-4.35493436E+00
+78.45000E-03,-3.12335428E+00,-4.34142819E+00
+78.46000E-03,-3.12698446E+00,-4.31725226E+00
+78.47000E-03,-3.13060754E+00,-4.30181577E+00
+78.48000E-03,-3.13526486E+00,-4.28162043E+00
+78.49000E-03,-3.14072416E+00,-4.25253274E+00
+78.50000E-03,-3.14635933E+00,-4.23203845E+00
+78.51000E-03,-3.15190302E+00,-4.19715881E+00
+78.52000E-03,-3.15762968E+00,-4.17082127E+00
+78.53000E-03,-3.16115431E+00,-4.13637744E+00
+78.54000E-03,-3.16474226E+00,-4.09641436E+00
+78.55000E-03,-3.16929396E+00,-4.06524170E+00
+78.56000E-03,-3.17136232E+00,-4.02542446E+00
+78.57000E-03,-3.17395123E+00,-3.98003693E+00
+78.58000E-03,-3.17711710E+00,-3.93894582E+00
+78.59000E-03,-3.17956535E+00,-3.89571993E+00
+78.60000E-03,-3.18220351E+00,-3.85556069E+00
+78.61000E-03,-3.18503875E+00,-3.80711541E+00
+78.62000E-03,-3.18855623E+00,-3.75982273E+00
+78.63000E-03,-3.19030099E+00,-3.70664400E+00
+78.64000E-03,-3.19213010E+00,-3.65485833E+00
+78.65000E-03,-3.19419852E+00,-3.60722364E+00
+78.66000E-03,-3.19687881E+00,-3.55165360E+00
+78.67000E-03,-3.19758942E+00,-3.50868331E+00
+78.68000E-03,-3.19852515E+00,-3.45852930E+00
+78.69000E-03,-3.19860246E+00,-3.40887927E+00
+78.70000E-03,-3.19943961E+00,-3.35136942E+00
+78.71000E-03,-3.19902454E+00,-3.30234305E+00
+78.72000E-03,-3.19930597E+00,-3.24735325E+00
+78.73000E-03,-3.19964372E+00,-3.19561021E+00
+78.74000E-03,-3.19977725E+00,-3.14048388E+00
+78.75000E-03,-3.19736424E+00,-3.09051798E+00
+78.76000E-03,-3.19598538E+00,-3.03909114E+00
+78.77000E-03,-3.19459234E+00,-2.98473379E+00
+78.78000E-03,-3.19337523E+00,-2.93556225E+00
+78.79000E-03,-3.19105363E+00,-2.88384430E+00
+78.80000E-03,-3.18786680E+00,-2.83359631E+00
+78.81000E-03,-3.18690283E+00,-2.78754207E+00
+78.82000E-03,-3.18364569E+00,-2.74158224E+00
+78.83000E-03,-3.18052197E+00,-2.69674158E+00
+78.84000E-03,-3.17741254E+00,-2.65063674E+00
+78.85000E-03,-3.17499233E+00,-2.60448078E+00
+78.86000E-03,-3.17217829E+00,-2.56072500E+00
+78.87000E-03,-3.17073608E+00,-2.52549445E+00
+78.88000E-03,-3.16785872E+00,-2.48901746E+00
+78.89000E-03,-3.16517127E+00,-2.44697022E+00
+78.90000E-03,-3.16236422E+00,-2.41222673E+00
+78.91000E-03,-3.15884670E+00,-2.38453168E+00
+78.92000E-03,-3.15648985E+00,-2.34822501E+00
+78.93000E-03,-3.15429495E+00,-2.32650948E+00
+78.94000E-03,-3.15048173E+00,-2.29121942E+00
+78.95000E-03,-3.14632403E+00,-2.27293818E+00
+78.96000E-03,-3.14092103E+00,-2.24130430E+00
+78.97000E-03,-3.13627774E+00,-2.22412531E+00
+78.98000E-03,-3.13212702E+00,-2.20557030E+00
+78.99000E-03,-3.12863055E+00,-2.18031818E+00
+79.00000E-03,-3.12648480E+00,-2.16854638E+00
+79.01000E-03,-3.12322756E+00,-2.15520253E+00
+79.02000E-03,-3.12073714E+00,-2.13745081E+00
+79.03000E-03,-3.11679034E+00,-2.12612337E+00
+79.04000E-03,-3.11216122E+00,-2.11968220E+00
+79.05000E-03,-3.10682146E+00,-2.11729032E+00
+79.06000E-03,-3.10231893E+00,-2.11410392E+00
+79.07000E-03,-3.09657825E+00,-2.11427476E+00
+79.08000E-03,-3.09089376E+00,-2.11482151E+00
+79.09000E-03,-3.08670786E+00,-2.11660698E+00
+79.10000E-03,-3.08335922E+00,-2.11831556E+00
+79.11000E-03,-3.08072100E+00,-2.12286892E+00
+79.12000E-03,-3.07785767E+00,-2.13272726E+00
+79.13000E-03,-3.07381947E+00,-2.14847163E+00
+79.14000E-03,-3.07116019E+00,-2.16238756E+00
+79.15000E-03,-3.06668583E+00,-2.17371514E+00
+79.16000E-03,-3.06157123E+00,-2.18982700E+00
+79.17000E-03,-3.05759637E+00,-2.21538661E+00
+79.18000E-03,-3.05260135E+00,-2.22731222E+00
+79.19000E-03,-3.04899229E+00,-2.25223191E+00
+79.20000E-03,-3.04603755E+00,-2.27550164E+00
+79.21000E-03,-3.04268178E+00,-2.29544079E+00
+79.22000E-03,-3.03829189E+00,-2.32605755E+00
+79.23000E-03,-3.03394401E+00,-2.34519351E+00
+79.24000E-03,-3.03066573E+00,-2.37923591E+00
+79.25000E-03,-3.02764057E+00,-2.39877369E+00
+79.26000E-03,-3.02517124E+00,-2.43873626E+00
+79.27000E-03,-3.02328580E+00,-2.46262175E+00
+79.28000E-03,-3.02077431E+00,-2.49962862E+00
+79.29000E-03,-3.01853005E+00,-2.53751576E+00
+79.30000E-03,-3.01659546E+00,-2.56283648E+00
+79.31000E-03,-3.01407681E+00,-2.60336258E+00
+79.32000E-03,-3.01275420E+00,-2.63714956E+00
+79.33000E-03,-3.01145977E+00,-2.67279801E+00
+79.34000E-03,-3.01024974E+00,-2.71587876E+00
+79.35000E-03,-3.00913812E+00,-2.75765307E+00
+79.36000E-03,-3.00948985E+00,-2.79085023E+00
+79.37000E-03,-3.00810397E+00,-2.82977058E+00
+79.38000E-03,-3.00761853E+00,-2.87445743E+00
+79.39000E-03,-3.00759751E+00,-2.90928639E+00
+79.40000E-03,-3.00839948E+00,-2.94281602E+00
+79.41000E-03,-3.00851197E+00,-2.98648625E+00
+79.42000E-03,-3.00897629E+00,-3.02475819E+00
+79.43000E-03,-3.00915221E+00,-3.06292711E+00
+79.44000E-03,-3.01007379E+00,-3.10124893E+00
+79.45000E-03,-3.01153016E+00,-3.14087921E+00
+79.46000E-03,-3.01257151E+00,-3.17391391E+00
+79.47000E-03,-3.01452715E+00,-3.21172339E+00
+79.48000E-03,-3.01656027E+00,-3.25394167E+00
+79.49000E-03,-3.01808687E+00,-3.28315801E+00
+79.50000E-03,-3.01937438E+00,-3.31946418E+00
+79.51000E-03,-3.02192815E+00,-3.35868407E+00
+79.52000E-03,-3.02429188E+00,-3.38282543E+00
+79.53000E-03,-3.02607895E+00,-3.42263453E+00
+79.54000E-03,-3.02863262E+00,-3.45314088E+00
+79.55000E-03,-3.03087688E+00,-3.48211717E+00
+79.56000E-03,-3.03257234E+00,-3.50772010E+00
+79.57000E-03,-3.03547088E+00,-3.53534690E+00
+79.58000E-03,-3.03817239E+00,-3.55563636E+00
+79.59000E-03,-3.03948083E+00,-3.58685105E+00
+79.60000E-03,-3.04199256E+00,-3.60444932E+00
+79.61000E-03,-3.04600960E+00,-3.63571528E+00
+79.62000E-03,-3.04937243E+00,-3.64866600E+00
+79.63000E-03,-3.05257338E+00,-3.66881865E+00
+79.64000E-03,-3.05692814E+00,-3.69329308E+00
+79.65000E-03,-3.06031911E+00,-3.70474032E+00
+79.66000E-03,-3.06457534E+00,-3.71924590E+00
+79.67000E-03,-3.06833924E+00,-3.73751031E+00
+79.68000E-03,-3.07131520E+00,-3.75096489E+00
+79.69000E-03,-3.07453027E+00,-3.75679093E+00
+79.70000E-03,-3.07744977E+00,-3.76402670E+00
+79.71000E-03,-3.07941251E+00,-3.77087796E+00
+79.72000E-03,-3.08160762E+00,-3.77878855E+00
+79.73000E-03,-3.08354935E+00,-3.78552008E+00
+79.74000E-03,-3.08655332E+00,-3.78938129E+00
+79.75000E-03,-3.08990204E+00,-3.79038074E+00
+79.76000E-03,-3.09286380E+00,-3.78974005E+00
+79.77000E-03,-3.09617737E+00,-3.78658766E+00
+79.78000E-03,-3.10047594E+00,-3.78247016E+00
+79.79000E-03,-3.10395134E+00,-3.77458507E+00
+79.80000E-03,-3.10727907E+00,-3.76714450E+00
+79.81000E-03,-3.11206983E+00,-3.76038708E+00
+79.82000E-03,-3.11457443E+00,-3.75372391E+00
+79.83000E-03,-3.11704378E+00,-3.74624887E+00
+79.84000E-03,-3.11951312E+00,-3.73008587E+00
+79.85000E-03,-3.12187680E+00,-3.71276990E+00
+79.86000E-03,-3.12362859E+00,-3.70145939E+00
+79.87000E-03,-3.12444477E+00,-3.68793614E+00
+79.88000E-03,-3.12563360E+00,-3.66440940E+00
+79.89000E-03,-3.12749797E+00,-3.64780268E+00
+79.90000E-03,-3.12926383E+00,-3.63439036E+00
+79.91000E-03,-3.13035424E+00,-3.60688270E+00
+79.92000E-03,-3.13195832E+00,-3.58934472E+00
+79.93000E-03,-3.13375931E+00,-3.56416904E+00
+79.94000E-03,-3.13563062E+00,-3.54000206E+00
+79.95000E-03,-3.13686185E+00,-3.52397570E+00
+79.96000E-03,-3.13860654E+00,-3.49297418E+00
+79.97000E-03,-3.14003461E+00,-3.47800755E+00
+79.98000E-03,-3.14194131E+00,-3.44672370E+00
+79.99000E-03,-3.14348888E+00,-3.42361592E+00
+80.00000E-03,-3.14477643E+00,-3.39015402E+00
+80.01000E-03,-3.14505760E+00,-3.36877187E+00
+80.02000E-03,-3.14606377E+00,-3.33536086E+00
+80.03000E-03,-3.14723866E+00,-3.31219331E+00
+80.04000E-03,-3.14728787E+00,-3.27724485E+00
+80.05000E-03,-3.14716828E+00,-3.25581988E+00
+80.06000E-03,-3.14884273E+00,-3.21987208E+00
+80.07000E-03,-3.14923660E+00,-3.19720817E+00
+80.08000E-03,-3.14950405E+00,-3.16108119E+00
+80.09000E-03,-3.14901859E+00,-3.13814361E+00
+80.10000E-03,-3.14868084E+00,-3.10495573E+00
+80.11000E-03,-3.14825171E+00,-3.08736574E+00
+80.12000E-03,-3.14704869E+00,-3.05018835E+00
+80.13000E-03,-3.14600750E+00,-3.02332115E+00
+80.14000E-03,-3.14578233E+00,-2.99329386E+00
+80.15000E-03,-3.14428400E+00,-2.97079212E+00
+80.16000E-03,-3.14258839E+00,-2.94095258E+00
+80.17000E-03,-3.14176523E+00,-2.92071473E+00
+80.18000E-03,-3.13963360E+00,-2.89043943E+00
+80.19000E-03,-3.13829689E+00,-2.87084239E+00
+80.20000E-03,-3.13731901E+00,-2.84213887E+00
+80.21000E-03,-3.13551804E+00,-2.82274720E+00
+80.22000E-03,-3.13404770E+00,-2.79912640E+00
+80.23000E-03,-3.13228891E+00,-2.77491659E+00
+80.24000E-03,-3.13073415E+00,-2.75992387E+00
+80.25000E-03,-3.12894720E+00,-2.73108369E+00
+80.26000E-03,-3.12771605E+00,-2.71475884E+00
+80.27000E-03,-3.12682248E+00,-2.69769028E+00
+80.28000E-03,-3.12506372E+00,-2.67307866E+00
+80.29000E-03,-3.12417022E+00,-2.66139259E+00
+80.30000E-03,-3.12272104E+00,-2.64676712E+00
+80.31000E-03,-3.12068792E+00,-2.62857122E+00
+80.32000E-03,-3.11973104E+00,-2.61286143E+00
+80.33000E-03,-3.11771196E+00,-2.60528414E+00
+80.34000E-03,-3.11536221E+00,-2.59678400E+00
+80.35000E-03,-3.11304769E+00,-2.58461912E+00
+80.36000E-03,-3.11057826E+00,-2.57145502E+00
+80.37000E-03,-3.10746174E+00,-2.56347604E+00
+80.38000E-03,-3.10355712E+00,-2.55776959E+00
+80.39000E-03,-3.10098238E+00,-2.55499329E+00
+80.40000E-03,-3.09795722E+00,-2.55348115E+00
+80.41000E-03,-3.09507988E+00,-2.55171289E+00
+80.42000E-03,-3.09292002E+00,-2.55123445E+00
+80.43000E-03,-3.08985973E+00,-2.55104660E+00
+80.44000E-03,-3.08798836E+00,-2.55123460E+00
+80.45000E-03,-3.08617335E+00,-2.55143104E+00
+80.46000E-03,-3.08414001E+00,-2.55240487E+00
+80.47000E-03,-3.08251504E+00,-2.55477978E+00
+80.48000E-03,-3.08052407E+00,-2.55637731E+00
+80.49000E-03,-3.07926474E+00,-2.56089649E+00
+80.50000E-03,-3.07759035E+00,-2.56706437E+00
+80.51000E-03,-3.07578923E+00,-2.57858003E+00
+80.52000E-03,-3.07464965E+00,-2.58966847E+00
+80.53000E-03,-3.07263752E+00,-2.60053476E+00
+80.54000E-03,-3.07105464E+00,-2.60771066E+00
+80.55000E-03,-3.06932417E+00,-2.61682570E+00
+80.56000E-03,-3.06737531E+00,-2.63110937E+00
+80.57000E-03,-3.06642566E+00,-2.64976667E+00
+80.58000E-03,-3.06397744E+00,-2.66120520E+00
+80.59000E-03,-3.06232400E+00,-2.67270378E+00
+80.60000E-03,-3.06003753E+00,-2.69332629E+00
+80.61000E-03,-3.05864464E+00,-2.71189754E+00
+80.62000E-03,-3.05695618E+00,-2.72252499E+00
+80.63000E-03,-3.05529589E+00,-2.74518908E+00
+80.64000E-03,-3.05442364E+00,-2.76663092E+00
+80.65000E-03,-3.05335436E+00,-2.77866768E+00
+80.66000E-03,-3.05122958E+00,-2.80321957E+00
+80.67000E-03,-3.05078631E+00,-2.82238060E+00
+80.68000E-03,-3.04949886E+00,-2.83628844E+00
+80.69000E-03,-3.04912603E+00,-2.86209617E+00
+80.70000E-03,-3.04821856E+00,-2.88100922E+00
+80.71000E-03,-3.04784555E+00,-2.89695016E+00
+80.72000E-03,-3.04804268E+00,-2.92637986E+00
+80.73000E-03,-3.04781748E+00,-2.93870667E+00
+80.74000E-03,-3.04648792E+00,-2.96174703E+00
+80.75000E-03,-3.04645968E+00,-2.98651172E+00
+80.76000E-03,-3.04681152E+00,-2.99889022E+00
+80.77000E-03,-3.04723372E+00,-3.02863646E+00
+80.78000E-03,-3.04722647E+00,-3.04681482E+00
+80.79000E-03,-3.04769092E+00,-3.07072629E+00
+80.80000E-03,-3.04849993E+00,-3.09457707E+00
+80.81000E-03,-3.04859148E+00,-3.10481998E+00
+80.82000E-03,-3.04911904E+00,-3.12723627E+00
+80.83000E-03,-3.05010400E+00,-3.14920772E+00
+80.84000E-03,-3.05126474E+00,-3.16409771E+00
+80.85000E-03,-3.05261554E+00,-3.19025568E+00
+80.86000E-03,-3.05317845E+00,-3.20789616E+00
+80.87000E-03,-3.05367082E+00,-3.22273510E+00
+80.88000E-03,-3.05604882E+00,-3.24808137E+00
+80.89000E-03,-3.05622463E+00,-3.26267189E+00
+80.90000E-03,-3.05761050E+00,-3.27388854E+00
+80.91000E-03,-3.05912308E+00,-3.29557021E+00
+80.92000E-03,-3.06037542E+00,-3.31255290E+00
+80.93000E-03,-3.06257041E+00,-3.32286403E+00
+80.94000E-03,-3.06370998E+00,-3.33807019E+00
+80.95000E-03,-3.06658042E+00,-3.35700936E+00
+80.96000E-03,-3.06820551E+00,-3.36890051E+00
+80.97000E-03,-3.06983773E+00,-3.37612769E+00
+80.98000E-03,-3.07113220E+00,-3.38535387E+00
+80.99000E-03,-3.07289799E+00,-3.40045745E+00
+81.00000E-03,-3.07442466E+00,-3.41386095E+00
+81.01000E-03,-3.07647890E+00,-3.42259147E+00
+81.02000E-03,-3.07699234E+00,-3.42853713E+00
+81.03000E-03,-3.07839956E+00,-3.43342358E+00
+81.04000E-03,-3.07971510E+00,-3.44004430E+00
+81.05000E-03,-3.08036929E+00,-3.44730545E+00
+81.06000E-03,-3.08164270E+00,-3.45364423E+00
+81.07000E-03,-3.08368294E+00,-3.45970093E+00
+81.08000E-03,-3.08480147E+00,-3.46340840E+00
+81.09000E-03,-3.08638439E+00,-3.46663759E+00
+81.10000E-03,-3.08775628E+00,-3.46926006E+00
+81.11000E-03,-3.08897339E+00,-3.46879887E+00
+81.12000E-03,-3.09079546E+00,-3.46897827E+00
+81.13000E-03,-3.09237834E+00,-3.46755150E+00
+81.14000E-03,-3.09496740E+00,-3.46613354E+00
+81.15000E-03,-3.09700748E+00,-3.46110179E+00
+81.16000E-03,-3.09840052E+00,-3.45730001E+00
+81.17000E-03,-3.10025078E+00,-3.44966289E+00
+81.18000E-03,-3.10278342E+00,-3.44246146E+00
+81.19000E-03,-3.10400039E+00,-3.43572125E+00
+81.20000E-03,-3.10611823E+00,-3.43137310E+00
+81.21000E-03,-3.10821469E+00,-3.42583747E+00
+81.22000E-03,-3.10966392E+00,-3.41986605E+00
+81.23000E-03,-3.11194320E+00,-3.40957178E+00
+81.24000E-03,-3.11308990E+00,-3.39751794E+00
+81.25000E-03,-3.11470101E+00,-3.38460145E+00
+81.26000E-03,-3.11537637E+00,-3.37536693E+00
+81.27000E-03,-3.11647395E+00,-3.36954073E+00
+81.28000E-03,-3.11794413E+00,-3.35853742E+00
+81.29000E-03,-3.11898541E+00,-3.34217819E+00
+81.30000E-03,-3.11944971E+00,-3.32642559E+00
+81.31000E-03,-3.11947088E+00,-3.31768660E+00
+81.32000E-03,-3.12001952E+00,-3.30671769E+00
+81.33000E-03,-3.12108903E+00,-3.28899137E+00
+81.34000E-03,-3.12167992E+00,-3.27205978E+00
+81.35000E-03,-3.12226378E+00,-3.26325243E+00
+81.36000E-03,-3.12213014E+00,-3.25159134E+00
+81.37000E-03,-3.12295321E+00,-3.23055043E+00
+81.38000E-03,-3.12349494E+00,-3.21361051E+00
+81.39000E-03,-3.12366371E+00,-3.20389756E+00
+81.40000E-03,-3.12419856E+00,-3.18688010E+00
+81.41000E-03,-3.12417739E+00,-3.16630936E+00
+81.42000E-03,-3.12359347E+00,-3.15399108E+00
+81.43000E-03,-3.12386782E+00,-3.14080941E+00
+81.44000E-03,-3.12369187E+00,-3.11788912E+00
+81.45000E-03,-3.12384670E+00,-3.10371711E+00
+81.46000E-03,-3.12418445E+00,-3.09684032E+00
+81.47000E-03,-3.12314318E+00,-3.08314602E+00
+81.48000E-03,-3.12343864E+00,-3.06060191E+00
+81.49000E-03,-3.12275635E+00,-3.04675434E+00
+81.50000E-03,-3.12261552E+00,-3.03456382E+00
+81.51000E-03,-3.12255930E+00,-3.01499232E+00
+81.52000E-03,-3.12233424E+00,-2.99708703E+00
+81.53000E-03,-3.12163759E+00,-2.98839916E+00
+81.54000E-03,-3.12115930E+00,-2.97749837E+00
+81.55000E-03,-3.12036431E+00,-2.95874723E+00
+81.56000E-03,-3.12030795E+00,-2.94369505E+00
+81.57000E-03,-3.11931601E+00,-2.93513525E+00
+81.58000E-03,-3.11894310E+00,-2.92886492E+00
+81.59000E-03,-3.11847180E+00,-2.91359899E+00
+81.60000E-03,-3.11755018E+00,-2.89822196E+00
+81.61000E-03,-3.11618551E+00,-2.88592941E+00
+81.62000E-03,-3.11556628E+00,-2.88006908E+00
+81.63000E-03,-3.11437731E+00,-2.87313218E+00
+81.64000E-03,-3.11310382E+00,-2.86300069E+00
+81.65000E-03,-3.11192212E+00,-2.84935773E+00
+81.66000E-03,-3.11032505E+00,-2.83807283E+00
+81.67000E-03,-3.10927679E+00,-2.83170883E+00
+81.68000E-03,-3.10749679E+00,-2.82770225E+00
+81.69000E-03,-3.10608288E+00,-2.82443046E+00
+81.70000E-03,-3.10421852E+00,-2.81962931E+00
+81.71000E-03,-3.10325480E+00,-2.81462333E+00
+81.72000E-03,-3.10063062E+00,-2.80874592E+00
+81.73000E-03,-3.09981450E+00,-2.80271481E+00
+81.74000E-03,-3.09773207E+00,-2.79846913E+00
+81.75000E-03,-3.09605780E+00,-2.79387305E+00
+81.76000E-03,-3.09511496E+00,-2.79116514E+00
+81.77000E-03,-3.09313116E+00,-2.78802134E+00
+81.78000E-03,-3.09166077E+00,-2.78808112E+00
+81.79000E-03,-3.09015532E+00,-2.78606529E+00
+81.80000E-03,-3.08838945E+00,-2.78644109E+00
+81.81000E-03,-3.08741850E+00,-2.78773973E+00
+81.82000E-03,-3.08675723E+00,-2.78960187E+00
+81.83000E-03,-3.08618749E+00,-2.79289941E+00
+81.84000E-03,-3.08472411E+00,-2.79667529E+00
+81.85000E-03,-3.08399245E+00,-2.80126290E+00
+81.86000E-03,-3.08299350E+00,-2.80684114E+00
+81.87000E-03,-3.08282453E+00,-2.81257340E+00
+81.88000E-03,-3.08164969E+00,-2.81708388E+00
+81.89000E-03,-3.08075625E+00,-2.82099634E+00
+81.90000E-03,-3.07980652E+00,-2.82475516E+00
+81.91000E-03,-3.07872310E+00,-2.82875320E+00
+81.92000E-03,-3.07846982E+00,-2.83349456E+00
+81.93000E-03,-3.07763267E+00,-2.84068755E+00
+81.94000E-03,-3.07690093E+00,-2.84980245E+00
+81.95000E-03,-3.07639431E+00,-2.86311228E+00
+81.96000E-03,-3.07547987E+00,-2.87255187E+00
+81.97000E-03,-3.07530399E+00,-2.87906132E+00
+81.98000E-03,-3.07489592E+00,-2.88398192E+00
+81.99000E-03,-3.07434010E+00,-2.89180730E+00
+82.00000E-03,-3.07372103E+00,-2.90535610E+00
+82.01000E-03,-3.07342555E+00,-2.91904137E+00
+82.02000E-03,-3.07314427E+00,-2.93065944E+00
+82.03000E-03,-3.07178640E+00,-2.93593021E+00
+82.04000E-03,-3.07218736E+00,-2.94237152E+00
+82.05000E-03,-3.07203257E+00,-2.95409210E+00
+82.06000E-03,-3.07177934E+00,-2.96940093E+00
+82.07000E-03,-3.07137139E+00,-2.98228316E+00
+82.08000E-03,-3.07151207E+00,-2.98999700E+00
+82.09000E-03,-3.07094930E+00,-2.99758313E+00
+82.10000E-03,-3.07037947E+00,-3.01000427E+00
+82.11000E-03,-3.07006289E+00,-3.02559498E+00
+82.12000E-03,-3.07093518E+00,-3.03963024E+00
+82.13000E-03,-3.07161052E+00,-3.04783130E+00
+82.14000E-03,-3.07192721E+00,-3.05841590E+00
+82.15000E-03,-3.07108288E+00,-3.07437359E+00
+82.16000E-03,-3.07141358E+00,-3.08846065E+00
+82.17000E-03,-3.07188493E+00,-3.09774617E+00
+82.18000E-03,-3.07279942E+00,-3.10180406E+00
+82.19000E-03,-3.07301054E+00,-3.11004796E+00
+82.20000E-03,-3.07358035E+00,-3.12152950E+00
+82.21000E-03,-3.07391096E+00,-3.13730797E+00
+82.22000E-03,-3.07476936E+00,-3.14717452E+00
+82.23000E-03,-3.07471307E+00,-3.15441871E+00
+82.24000E-03,-3.07542354E+00,-3.16112474E+00
+82.25000E-03,-3.07583162E+00,-3.17188859E+00
+82.26000E-03,-3.07615526E+00,-3.18518975E+00
+82.27000E-03,-3.07676728E+00,-3.19556050E+00
+82.28000E-03,-3.07687982E+00,-3.20439359E+00
+82.29000E-03,-3.07730200E+00,-3.20966439E+00
+82.30000E-03,-3.07836422E+00,-3.21494379E+00
+82.31000E-03,-3.07880746E+00,-3.22152173E+00
+82.32000E-03,-3.07917333E+00,-3.23003871E+00
+82.33000E-03,-3.07977840E+00,-3.24061483E+00
+82.34000E-03,-3.08036942E+00,-3.24920864E+00
+82.35000E-03,-3.08043973E+00,-3.25505164E+00
+82.36000E-03,-3.08075625E+00,-3.26014310E+00
+82.37000E-03,-3.08167792E+00,-3.26233017E+00
+82.38000E-03,-3.08236726E+00,-3.26500387E+00
+82.39000E-03,-3.08326075E+00,-3.26714820E+00
+82.40000E-03,-3.08388697E+00,-3.26987330E+00
+82.41000E-03,-3.08448500E+00,-3.27197489E+00
+82.42000E-03,-3.08532223E+00,-3.27381998E+00
+82.43000E-03,-3.08658140E+00,-3.27736515E+00
+82.44000E-03,-3.08705985E+00,-3.27906529E+00
+82.45000E-03,-3.08747482E+00,-3.28008182E+00
+82.46000E-03,-3.08953621E+00,-3.28164516E+00
+82.47000E-03,-3.08893813E+00,-3.28154265E+00
+82.48000E-03,-3.09043658E+00,-3.28159380E+00
+82.49000E-03,-3.09118946E+00,-3.28095307E+00
+82.50000E-03,-3.09271611E+00,-3.27931284E+00
+82.51000E-03,-3.09369414E+00,-3.27745910E+00
+82.52000E-03,-3.09505874E+00,-3.27538313E+00
+82.53000E-03,-3.09508688E+00,-3.27299977E+00
+82.54000E-03,-3.09615616E+00,-3.27040281E+00
+82.55000E-03,-3.09771107E+00,-3.26795095E+00
+82.56000E-03,-3.09768302E+00,-3.26564458E+00
+82.57000E-03,-3.09865378E+00,-3.26323537E+00
+82.58000E-03,-3.10060241E+00,-3.26155254E+00
+82.59000E-03,-3.10039853E+00,-3.25809265E+00
+82.60000E-03,-3.10189702E+00,-3.25389807E+00
+82.61000E-03,-3.10362751E+00,-3.24745689E+00
+82.62000E-03,-3.10397233E+00,-3.23992197E+00
+82.63000E-03,-3.10451401E+00,-3.23062764E+00
+82.64000E-03,-3.10492897E+00,-3.22158107E+00
+82.65000E-03,-3.10699738E+00,-3.21519952E+00
+82.66000E-03,-3.10711710E+00,-3.21071479E+00
+82.67000E-03,-3.10764460E+00,-3.20683620E+00
+82.68000E-03,-3.10850293E+00,-3.20072828E+00
+82.69000E-03,-3.10869302E+00,-3.19311666E+00
+82.70000E-03,-3.10949489E+00,-3.18179737E+00
+82.71000E-03,-3.10961447E+00,-3.17181959E+00
+82.72000E-03,-3.11073320E+00,-3.16201256E+00
+82.73000E-03,-3.11077532E+00,-3.15616956E+00
+82.74000E-03,-3.11142249E+00,-3.15140253E+00
+82.75000E-03,-3.11065581E+00,-3.14391066E+00
+82.76000E-03,-3.11138738E+00,-3.13392409E+00
+82.77000E-03,-3.11184485E+00,-3.12200692E+00
+82.78000E-03,-3.11180250E+00,-3.11162777E+00
+82.79000E-03,-3.11142260E+00,-3.10458009E+00
+82.80000E-03,-3.11076146E+00,-3.10081267E+00
+82.81000E-03,-3.11135220E+00,-3.09706242E+00
+82.82000E-03,-3.11129602E+00,-3.09056138E+00
+82.83000E-03,-3.11050088E+00,-3.08147185E+00
+82.84000E-03,-3.10945965E+00,-3.06943519E+00
+82.85000E-03,-3.11076113E+00,-3.05741580E+00
+82.86000E-03,-3.11031787E+00,-3.04996635E+00
+82.87000E-03,-3.10981129E+00,-3.04348269E+00
+82.88000E-03,-3.10955833E+00,-3.03745996E+00
+82.89000E-03,-3.10886189E+00,-3.02888299E+00
+82.90000E-03,-3.10865063E+00,-3.01739292E+00
+82.91000E-03,-3.10796120E+00,-3.00727864E+00
+82.92000E-03,-3.10660365E+00,-2.99875295E+00
+82.93000E-03,-3.10652600E+00,-2.99420817E+00
+82.94000E-03,-3.10678640E+00,-2.99040672E+00
+82.95000E-03,-3.10566082E+00,-2.98655396E+00
+82.96000E-03,-3.10470384E+00,-2.98141979E+00
+82.97000E-03,-3.10423964E+00,-2.97563643E+00
+82.98000E-03,-3.10355730E+00,-2.96809312E+00
+82.99000E-03,-3.10286072E+00,-2.96086581E+00
+83.00000E-03,-3.10186185E+00,-2.95276767E+00
+83.01000E-03,-3.10118637E+00,-2.94734278E+00
+83.02000E-03,-3.09985663E+00,-2.94249918E+00
+83.03000E-03,-3.09949803E+00,-2.94002171E+00
+83.04000E-03,-3.09932198E+00,-2.93774104E+00
+83.05000E-03,-3.09771119E+00,-2.93593844E+00
+83.06000E-03,-3.09832301E+00,-2.93418730E+00
+83.07000E-03,-3.09757742E+00,-2.93317065E+00
+83.08000E-03,-3.09618441E+00,-2.93088975E+00
+83.09000E-03,-3.09517836E+00,-2.92989025E+00
+83.10000E-03,-3.09436934E+00,-2.92807928E+00
+83.11000E-03,-3.09332815E+00,-2.92714798E+00
+83.12000E-03,-3.09290602E+00,-2.92544813E+00
+83.13000E-03,-3.09173100E+00,-2.92461085E+00
+83.14000E-03,-3.09143557E+00,-2.92356013E+00
+83.15000E-03,-3.09088680E+00,-2.92286805E+00
+83.16000E-03,-3.08997939E+00,-2.92362847E+00
+83.17000E-03,-3.08909992E+00,-2.92399587E+00
+83.18000E-03,-3.08814318E+00,-2.92516613E+00
+83.19000E-03,-3.08796730E+00,-2.92605469E+00
+83.20000E-03,-3.08722851E+00,-2.92731044E+00
+83.21000E-03,-3.08668685E+00,-2.92884810E+00
+83.22000E-03,-3.08622248E+00,-2.92980491E+00
+83.23000E-03,-3.08525888E+00,-2.93168440E+00
+83.24000E-03,-3.08542050E+00,-2.93343563E+00
+83.25000E-03,-3.08532901E+00,-2.93440098E+00
+83.26000E-03,-3.08424572E+00,-2.93689539E+00
+83.27000E-03,-3.08411217E+00,-2.93781795E+00
+83.28000E-03,-3.08292286E+00,-2.94104727E+00
+83.29000E-03,-3.08291600E+00,-2.94367837E+00
+83.30000E-03,-3.08216328E+00,-2.94712975E+00
+83.31000E-03,-3.08217034E+00,-2.95180273E+00
+83.32000E-03,-3.08196632E+00,-2.95890997E+00
+83.33000E-03,-3.08155821E+00,-2.96601766E+00
+83.34000E-03,-3.08163564E+00,-2.97305664E+00
+83.35000E-03,-3.08117838E+00,-2.97912215E+00
+83.36000E-03,-3.08115024E+00,-2.98464059E+00
+83.37000E-03,-3.08071396E+00,-2.98807485E+00
+83.38000E-03,-3.08025670E+00,-2.99109052E+00
+83.39000E-03,-3.08072120E+00,-2.99389250E+00
+83.40000E-03,-3.08065082E+00,-2.99830057E+00
+83.41000E-03,-3.08060142E+00,-3.00399014E+00
+83.42000E-03,-3.08010200E+00,-3.01255003E+00
+83.43000E-03,-3.07950396E+00,-3.02120374E+00
+83.44000E-03,-3.08005273E+00,-3.02978907E+00
+83.45000E-03,-3.08026389E+00,-3.03712730E+00
+83.46000E-03,-3.07998944E+00,-3.04278248E+00
+83.47000E-03,-3.07979240E+00,-3.04660956E+00
+83.48000E-03,-3.07994012E+00,-3.05135076E+00
+83.49000E-03,-3.07979235E+00,-3.05766371E+00
+83.50000E-03,-3.07934919E+00,-3.06531834E+00
+83.51000E-03,-3.07937733E+00,-3.07500551E+00
+83.52000E-03,-3.08016524E+00,-3.08357406E+00
+83.53000E-03,-3.07996125E+00,-3.09086081E+00
+83.54000E-03,-3.08058037E+00,-3.09575585E+00
+83.55000E-03,-3.08079145E+00,-3.09825014E+00
+83.56000E-03,-3.08073507E+00,-3.10142806E+00
+83.57000E-03,-3.08058037E+00,-3.10290589E+00
+83.58000E-03,-3.08090391E+00,-3.10749360E+00
+83.59000E-03,-3.08122768E+00,-3.11231169E+00
+83.60000E-03,-3.08114326E+00,-3.11858211E+00
+83.61000E-03,-3.08172705E+00,-3.12574923E+00
+83.62000E-03,-3.08162155E+00,-3.13194294E+00
+83.63000E-03,-3.08231107E+00,-3.13907598E+00
+83.64000E-03,-3.08202959E+00,-3.14444916E+00
+83.65000E-03,-3.08258550E+00,-3.14890852E+00
+83.66000E-03,-3.08280364E+00,-3.15178736E+00
+83.67000E-03,-3.08354911E+00,-3.15440149E+00
+83.68000E-03,-3.08337331E+00,-3.15616126E+00
+83.69000E-03,-3.08359836E+00,-3.15922821E+00
+83.70000E-03,-3.08399225E+00,-3.16206433E+00
+83.71000E-03,-3.08520253E+00,-3.16390943E+00
+83.72000E-03,-3.08532213E+00,-3.16738641E+00
+83.73000E-03,-3.08568087E+00,-3.17117077E+00
+83.74000E-03,-3.08591308E+00,-3.17423754E+00
+83.75000E-03,-3.08656029E+00,-3.17786823E+00
+83.76000E-03,-3.08661650E+00,-3.17961961E+00
+83.77000E-03,-3.08744678E+00,-3.18248974E+00
+83.78000E-03,-3.08727796E+00,-3.18492454E+00
+83.79000E-03,-3.08812903E+00,-3.18588148E+00
+83.80000E-03,-3.08842467E+00,-3.18833286E+00
+83.81000E-03,-3.08834731E+00,-3.18833302E+00
+83.82000E-03,-3.09006402E+00,-3.18894813E+00
+83.83000E-03,-3.08982454E+00,-3.18998180E+00
+83.84000E-03,-3.09060549E+00,-3.18945224E+00
+83.85000E-03,-3.09148489E+00,-3.18863189E+00
+83.86000E-03,-3.09218841E+00,-3.18790589E+00
+83.87000E-03,-3.09317320E+00,-3.18721383E+00
+83.88000E-03,-3.09287788E+00,-3.18501826E+00
+83.89000E-03,-3.09310999E+00,-3.18346352E+00
+83.90000E-03,-3.09348989E+00,-3.17996094E+00
+83.91000E-03,-3.09424260E+00,-3.17770576E+00
+83.92000E-03,-3.09507981E+00,-3.17487825E+00
+83.93000E-03,-3.09586074E+00,-3.17251163E+00
+83.94000E-03,-3.09587487E+00,-3.17060689E+00
+83.95000E-03,-3.09683157E+00,-3.16646358E+00
+83.96000E-03,-3.09653609E+00,-3.16372985E+00
+83.97000E-03,-3.09736638E+00,-3.16079125E+00
+83.98000E-03,-3.09798547E+00,-3.15879229E+00
+83.99000E-03,-3.09837235E+00,-3.15633205E+00
+84.00000E-03,-3.09799248E+00,-3.15480274E+00
+84.01000E-03,-3.09821734E+00,-3.15194948E+00
+84.02000E-03,-3.09980748E+00,-3.14953198E+00
+84.03000E-03,-3.10020155E+00,-3.14592689E+00
+84.04000E-03,-3.10045474E+00,-3.14226210E+00
+84.05000E-03,-3.10077143E+00,-3.13814442E+00
+84.06000E-03,-3.10150295E+00,-3.13025972E+00
+84.07000E-03,-3.10098238E+00,-3.12456982E+00
+84.08000E-03,-3.10105982E+00,-3.11970921E+00
+84.09000E-03,-3.10127794E+00,-3.11388295E+00
+84.10000E-03,-3.10070086E+00,-3.10888579E+00
+84.11000E-03,-3.10067286E+00,-3.10569068E+00
+84.12000E-03,-3.10087698E+00,-3.10265808E+00
+84.13000E-03,-3.10063062E+00,-3.10162448E+00
+84.14000E-03,-3.10155220E+00,-3.09873698E+00
+84.15000E-03,-3.10147479E+00,-3.09701122E+00
+84.16000E-03,-3.10072908E+00,-3.09420073E+00
+84.17000E-03,-3.10084893E+00,-3.09030538E+00
+84.18000E-03,-3.10074310E+00,-3.08547859E+00
+84.19000E-03,-3.10150301E+00,-3.07964401E+00
+84.20000E-03,-3.10108796E+00,-3.07304874E+00
+84.21000E-03,-3.10056733E+00,-3.06671018E+00
+84.22000E-03,-3.10072205E+00,-3.06042284E+00
+84.23000E-03,-3.10067302E+00,-3.05523722E+00
+84.24000E-03,-3.10065879E+00,-3.05111986E+00
+84.25000E-03,-3.10115809E+00,-3.04759175E+00
+84.26000E-03,-3.10024355E+00,-3.04473842E+00
+84.27000E-03,-3.09945572E+00,-3.04267111E+00
+84.28000E-03,-3.09964556E+00,-3.03945902E+00
+84.29000E-03,-3.09888598E+00,-3.03538408E+00
+84.30000E-03,-3.09869595E+00,-3.03127500E+00
+84.31000E-03,-3.09799949E+00,-3.02726857E+00
+84.32000E-03,-3.09818939E+00,-3.02315949E+00
+84.33000E-03,-3.09786577E+00,-3.01735044E+00
+84.34000E-03,-3.09785887E+00,-3.01334388E+00
+84.35000E-03,-3.09665577E+00,-3.00944847E+00
+84.36000E-03,-3.09761228E+00,-3.00562994E+00
+84.37000E-03,-3.09647261E+00,-3.00149540E+00
+84.38000E-03,-3.09589592E+00,-2.99976967E+00
+84.39000E-03,-3.09557230E+00,-2.99702746E+00
+84.40000E-03,-3.09426359E+00,-2.99578023E+00
+84.41000E-03,-3.09437638E+00,-2.99474656E+00
+84.42000E-03,-3.09382744E+00,-2.99331152E+00
+84.43000E-03,-3.09412308E+00,-2.99281580E+00
+84.44000E-03,-3.09322967E+00,-2.99166257E+00
+84.45000E-03,-3.09271618E+00,-2.99133795E+00
+84.46000E-03,-3.09241359E+00,-2.98998837E+00
+84.47000E-03,-3.09150583E+00,-2.98962086E+00
+84.48000E-03,-3.09185055E+00,-2.98921942E+00
+84.49000E-03,-3.09095725E+00,-2.98892907E+00
+84.50000E-03,-3.09183665E+00,-2.98886066E+00
+84.51000E-03,-3.09057738E+00,-2.98921952E+00
+84.52000E-03,-3.09055636E+00,-2.98914254E+00
+84.53000E-03,-3.08997928E+00,-2.98951859E+00
+84.54000E-03,-3.08982448E+00,-2.98915115E+00
+84.55000E-03,-3.08972610E+00,-2.98928780E+00
+84.56000E-03,-3.08936021E+00,-2.98970636E+00
+84.57000E-03,-3.08816426E+00,-2.99056920E+00
+84.58000E-03,-3.08776320E+00,-2.99185061E+00
+84.59000E-03,-3.08745354E+00,-2.99197024E+00
+84.60000E-03,-3.08750990E+00,-2.99244867E+00
+84.61000E-03,-3.08721462E+00,-2.99344817E+00
+84.62000E-03,-3.08673615E+00,-2.99485768E+00
+84.63000E-03,-3.08708791E+00,-2.99608787E+00
+84.64000E-03,-3.08660960E+00,-2.99735215E+00
+84.65000E-03,-3.08666582E+00,-2.99906931E+00
+84.66000E-03,-3.08568087E+00,-3.00228988E+00
+84.67000E-03,-3.08623656E+00,-3.00499792E+00
+84.68000E-03,-3.08550499E+00,-3.00770596E+00
+84.69000E-03,-3.08547696E+00,-3.01086666E+00
+84.70000E-03,-3.08543455E+00,-3.01534325E+00
+84.71000E-03,-3.08500532E+00,-3.01952060E+00
+84.72000E-03,-3.08541356E+00,-3.02312559E+00
+84.73000E-03,-3.08467495E+00,-3.02795201E+00
+84.74000E-03,-3.08518827E+00,-3.03138653E+00
+84.75000E-03,-3.08462557E+00,-3.03499152E+00
+84.76000E-03,-3.08433006E+00,-3.03827185E+00
+84.77000E-03,-3.08497735E+00,-3.04220161E+00
+84.78000E-03,-3.08373910E+00,-3.04344877E+00
+84.79000E-03,-3.08366198E+00,-3.04611403E+00
+84.80000E-03,-3.08473106E+00,-3.04823252E+00
+84.81000E-03,-3.08428090E+00,-3.05062465E+00
+84.82000E-03,-3.08372512E+00,-3.05458837E+00
+84.83000E-03,-3.08440050E+00,-3.05693782E+00
+84.84000E-03,-3.08462559E+00,-3.06255042E+00
+84.85000E-03,-3.08423872E+00,-3.06659953E+00
+84.86000E-03,-3.08421776E+00,-3.07185365E+00
+84.87000E-03,-3.08377440E+00,-3.07768776E+00
+84.88000E-03,-3.08430192E+00,-3.08236927E+00
+84.89000E-03,-3.08426668E+00,-3.08593158E+00
+84.90000E-03,-3.08423860E+00,-3.08970746E+00
+84.91000E-03,-3.08480147E+00,-3.09186881E+00
+84.92000E-03,-3.08510396E+00,-3.09500388E+00
+84.93000E-03,-3.08491395E+00,-3.09737879E+00
+84.94000E-03,-3.08463260E+00,-3.09819889E+00
+84.95000E-03,-3.08536426E+00,-3.09936059E+00
+84.96000E-03,-3.08492805E+00,-3.10125721E+00
+84.97000E-03,-3.08568785E+00,-3.10236773E+00
+84.98000E-03,-3.08533606E+00,-3.10355503E+00
+84.99000E-03,-3.08579355E+00,-3.10482800E+00
+85.00000E-03,-3.08603263E+00,-3.10717721E+00
+85.01000E-03,-3.08712323E+00,-3.10814268E+00
+85.02000E-03,-3.08603263E+00,-3.11054332E+00
+85.03000E-03,-3.08690493E+00,-3.11326823E+00
+85.04000E-03,-3.08698953E+00,-3.11560050E+00
+85.05000E-03,-3.08736925E+00,-3.11747125E+00
+85.06000E-03,-3.08708084E+00,-3.11940208E+00
+85.07000E-03,-3.08697525E+00,-3.12228937E+00
+85.08000E-03,-3.08774221E+00,-3.12368173E+00
+85.09000E-03,-3.08783375E+00,-3.12521088E+00
+85.10000E-03,-3.08856547E+00,-3.12708187E+00
+85.11000E-03,-3.08853718E+00,-3.12841464E+00
+85.12000E-03,-3.08921256E+00,-3.13073819E+00
+85.13000E-03,-3.08966993E+00,-3.13295075E+00
+85.14000E-03,-3.08963458E+00,-3.13328374E+00
+85.15000E-03,-3.09007800E+00,-3.13353148E+00
+85.16000E-03,-3.08950812E+00,-3.13484706E+00
+85.17000E-03,-3.09065477E+00,-3.13472749E+00
+85.18000E-03,-3.09004992E+00,-3.13509505E+00
+85.19000E-03,-3.09078137E+00,-3.13518866E+00
+85.20000E-03,-3.09081667E+00,-3.13523998E+00
+85.21000E-03,-3.09137230E+00,-3.13515463E+00
+85.22000E-03,-3.09175917E+00,-3.13428342E+00
+85.23000E-03,-3.09248386E+00,-3.13351447E+00
+85.24000E-03,-3.09254702E+00,-3.13408679E+00
+85.25000E-03,-3.09236447E+00,-3.13280509E+00
+85.26000E-03,-3.09339145E+00,-3.13072921E+00
+85.27000E-03,-3.09314543E+00,-3.12953356E+00
+85.28000E-03,-3.09315929E+00,-3.12904641E+00
+85.29000E-03,-3.09403887E+00,-3.12719289E+00
+85.30000E-03,-3.09422855E+00,-3.12481769E+00
+85.31000E-03,-3.09412308E+00,-3.12297268E+00
+85.32000E-03,-3.09460857E+00,-3.12081999E+00
+85.33000E-03,-3.09473541E+00,-3.11916252E+00
+85.34000E-03,-3.09488279E+00,-3.11654853E+00
+85.35000E-03,-3.09503774E+00,-3.11482286E+00
+85.36000E-03,-3.09628970E+00,-3.11251644E+00
+85.37000E-03,-3.09517836E+00,-3.11015007E+00
+85.38000E-03,-3.09633931E+00,-3.10829623E+00
+85.39000E-03,-3.09544575E+00,-3.10637419E+00
+85.40000E-03,-3.09570600E+00,-3.10538331E+00
+85.41000E-03,-3.09564962E+00,-3.10397373E+00
+85.42000E-03,-3.09623363E+00,-3.10247875E+00
+85.43000E-03,-3.09614909E+00,-3.10133392E+00
+85.44000E-03,-3.09590989E+00,-3.10096676E+00
+85.45000E-03,-3.09672613E+00,-3.09983058E+00
+85.46000E-03,-3.09664868E+00,-3.09836109E+00
+85.47000E-03,-3.09640951E+00,-3.09778026E+00
+85.48000E-03,-3.09610018E+00,-3.09650728E+00
+85.49000E-03,-3.09669808E+00,-3.09458506E+00
+85.50000E-03,-3.09658533E+00,-3.09265448E+00
+85.51000E-03,-3.09738046E+00,-3.09029662E+00
+85.52000E-03,-3.09723979E+00,-3.08838327E+00
+85.53000E-03,-3.09648681E+00,-3.08507728E+00
+85.54000E-03,-3.09693715E+00,-3.08160883E+00
+85.55000E-03,-3.09630389E+00,-3.07813183E+00
+85.56000E-03,-3.09555838E+00,-3.07487702E+00
+85.57000E-03,-3.09612098E+00,-3.07116105E+00
+85.58000E-03,-3.09570600E+00,-3.06778672E+00
+85.59000E-03,-3.09650804E+00,-3.06460013E+00
+85.60000E-03,-3.09570600E+00,-3.06130280E+00
+85.61000E-03,-3.09531891E+00,-3.05827860E+00
+85.62000E-03,-3.09585367E+00,-3.05611741E+00
+85.63000E-03,-3.09529808E+00,-3.05362286E+00
+85.64000E-03,-3.09420028E+00,-3.05202552E+00
+85.65000E-03,-3.09461548E+00,-3.05006905E+00
+85.66000E-03,-3.09441171E+00,-3.04849719E+00
+85.67000E-03,-3.09467877E+00,-3.04679738E+00
+85.68000E-03,-3.09387701E+00,-3.04604551E+00
+85.69000E-03,-3.09427795E+00,-3.04440531E+00
+85.70000E-03,-3.09419337E+00,-3.04332027E+00
+85.71000E-03,-3.09385596E+00,-3.04190233E+00
+85.72000E-03,-3.09340562E+00,-3.04118478E+00
+85.73000E-03,-3.09407371E+00,-3.04018532E+00
+85.74000E-03,-3.09356727E+00,-3.03922846E+00
+85.75000E-03,-3.09341938E+00,-3.03798123E+00
+85.76000E-03,-3.09270882E+00,-3.03701582E+00
+85.77000E-03,-3.09230091E+00,-3.03640933E+00
+85.78000E-03,-3.09263166E+00,-3.03509379E+00
+85.79000E-03,-3.09178747E+00,-3.03419677E+00
+85.80000E-03,-3.09222346E+00,-3.03358165E+00
+85.81000E-03,-3.09149902E+00,-3.03282131E+00
+85.82000E-03,-3.09121743E+00,-3.03095912E+00
+85.83000E-03,-3.09130901E+00,-3.03129209E+00
+85.84000E-03,-3.09181548E+00,-3.02969464E+00
+85.85000E-03,-3.09081649E+00,-3.03054903E+00
+85.86000E-03,-3.09068998E+00,-3.02970341E+00
+85.87000E-03,-3.09029604E+00,-3.03011350E+00
+85.88000E-03,-3.09011997E+00,-3.02934431E+00
+85.89000E-03,-3.09016221E+00,-3.03039526E+00
+85.90000E-03,-3.08958546E+00,-3.02982290E+00
+85.91000E-03,-3.08950813E+00,-3.03066886E+00
+85.92000E-03,-3.08942362E+00,-3.03179607E+00
+85.93000E-03,-3.08950794E+00,-3.03245417E+00
+85.94000E-03,-3.08971909E+00,-3.03246252E+00
+85.95000E-03,-3.08874095E+00,-3.03353901E+00
+85.96000E-03,-3.08902258E+00,-3.03476078E+00
+85.97000E-03,-3.08840352E+00,-3.03573457E+00
+85.98000E-03,-3.08825581E+00,-3.03628957E+00
+85.99000E-03,-3.08845992E+00,-3.03698184E+00
+86.00000E-03,-3.08849491E+00,-3.03862204E+00
+86.01000E-03,-3.08808696E+00,-3.04055285E+00
+86.02000E-03,-3.08807267E+00,-3.04026221E+00
+86.03000E-03,-3.08805879E+00,-3.04140697E+00
+86.04000E-03,-3.08761554E+00,-3.04289332E+00
+86.05000E-03,-3.08750992E+00,-3.04336321E+00
+86.06000E-03,-3.08724965E+00,-3.04459329E+00
+86.07000E-03,-3.08710898E+00,-3.04545614E+00
+86.08000E-03,-3.08751712E+00,-3.04631041E+00
+86.09000E-03,-3.08693320E+00,-3.04759182E+00
+86.10000E-03,-3.08663065E+00,-3.04895869E+00
+86.11000E-03,-3.08717239E+00,-3.05020593E+00
+86.12000E-03,-3.08741146E+00,-3.05245250E+00
+86.13000E-03,-3.08755939E+00,-3.05330701E+00
+86.14000E-03,-3.08677833E+00,-3.05496426E+00
+86.15000E-03,-3.08620851E+00,-3.05711698E+00
+86.16000E-03,-3.08691203E+00,-3.05869734E+00
+86.17000E-03,-3.08671491E+00,-3.06126016E+00
+86.18000E-03,-3.08627192E+00,-3.06328494E+00
+86.19000E-03,-3.08637739E+00,-3.06531795E+00
+86.20000E-03,-3.08652512E+00,-3.06967505E+00
+86.21000E-03,-3.08707393E+00,-3.07200740E+00
+86.22000E-03,-3.08684151E+00,-3.07515053E+00
+86.23000E-03,-3.08655333E+00,-3.07810674E+00
+86.24000E-03,-3.08720744E+00,-3.08033612E+00
+86.25000E-03,-3.08691206E+00,-3.08240361E+00
+86.26000E-03,-3.08762277E+00,-3.08576098E+00
+86.27000E-03,-3.08766466E+00,-3.08659777E+00
+86.28000E-03,-3.08751695E+00,-3.08893013E+00
+86.29000E-03,-3.08708791E+00,-3.09109994E+00
+86.30000E-03,-3.08750992E+00,-3.09261188E+00
+86.31000E-03,-3.08729912E+00,-3.09414961E+00
+86.32000E-03,-3.08803782E+00,-3.09447439E+00
+86.33000E-03,-3.08710888E+00,-3.09543101E+00
+86.34000E-03,-3.08763671E+00,-3.09668671E+00
+86.35000E-03,-3.08772087E+00,-3.09743859E+00
+86.36000E-03,-3.08765779E+00,-3.09789123E+00
+86.37000E-03,-3.08812908E+00,-3.09820739E+00
+86.38000E-03,-3.08849494E+00,-3.09879696E+00
+86.39000E-03,-3.08810100E+00,-3.09938637E+00
+86.40000E-03,-3.08835430E+00,-3.10017210E+00
+86.41000E-03,-3.08836114E+00,-3.10074466E+00
+86.42000E-03,-3.08814318E+00,-3.10113750E+00
+86.43000E-03,-3.08822774E+00,-3.10103511E+00
+86.44000E-03,-3.08866382E+00,-3.10140241E+00
+86.45000E-03,-3.08881156E+00,-3.10200894E+00
+86.46000E-03,-3.08905792E+00,-3.10199174E+00
+86.47000E-03,-3.08850888E+00,-3.10227365E+00
+86.48000E-03,-3.08960653E+00,-3.10212000E+00
+86.49000E-03,-3.08893806E+00,-3.10272653E+00
+86.50000E-03,-3.08972606E+00,-3.10354655E+00
+86.51000E-03,-3.08961367E+00,-3.10297415E+00
+86.52000E-03,-3.09025373E+00,-3.10261535E+00
+86.53000E-03,-3.09033102E+00,-3.10321330E+00
+86.54000E-03,-3.09040878E+00,-3.10325610E+00
+86.55000E-03,-3.09085162E+00,-3.10393097E+00
+86.56000E-03,-3.09075310E+00,-3.10293164E+00
+86.57000E-03,-3.09076030E+00,-3.10328185E+00
+86.58000E-03,-3.09111216E+00,-3.10345254E+00
+86.59000E-03,-3.09150606E+00,-3.10253017E+00
+86.60000E-03,-3.09134412E+00,-3.10252138E+00
+86.61000E-03,-3.09147799E+00,-3.10242745E+00
+86.62000E-03,-3.09167487E+00,-3.10242737E+00
+86.63000E-03,-3.09182261E+00,-3.10162448E+00
+86.64000E-03,-3.09152707E+00,-3.10183805E+00
+86.65000E-03,-3.09211809E+00,-3.10162448E+00
+86.66000E-03,-3.09212529E+00,-3.10141091E+00
+86.67000E-03,-3.09233625E+00,-3.10141091E+00
+86.68000E-03,-3.09230087E+00,-3.10119734E+00
+86.69000E-03,-3.09151990E+00,-3.10098378E+00
+86.70000E-03,-3.09254017E+00,-3.10051397E+00
+86.71000E-03,-3.09202650E+00,-3.09939500E+00
+86.72000E-03,-3.09218144E+00,-3.09885656E+00
+86.73000E-03,-3.09252630E+00,-3.09871133E+00
+86.74000E-03,-3.09221658E+00,-3.09820739E+00
+86.75000E-03,-3.09324348E+00,-3.09799383E+00
+86.76000E-03,-3.09339146E+00,-3.09778026E+00
+86.77000E-03,-3.09236429E+00,-3.09685769E+00
+86.78000E-03,-3.09387702E+00,-3.09605446E+00
+86.79000E-03,-3.09300445E+00,-3.09506359E+00
+86.80000E-03,-3.09341956E+00,-3.09402155E+00
+86.81000E-03,-3.09372184E+00,-3.09331250E+00
+86.82000E-03,-3.09332797E+00,-3.09168914E+00
+86.83000E-03,-3.09294114E+00,-3.09127917E+00
+86.84000E-03,-3.09289193E+00,-3.08973290E+00
+86.85000E-03,-3.09348995E+00,-3.08825517E+00
+86.86000E-03,-3.09346181E+00,-3.08679408E+00
+86.87000E-03,-3.09312422E+00,-3.08542758E+00
+86.88000E-03,-3.09337746E+00,-3.08353939E+00
+86.89000E-03,-3.09323651E+00,-3.08265945E+00
+86.90000E-03,-3.09313829E+00,-3.08056644E+00
+86.91000E-03,-3.09296935E+00,-3.07803801E+00
+86.92000E-03,-3.09294121E+00,-3.07609023E+00
+86.93000E-03,-3.09273719E+00,-3.07380932E+00
+86.94000E-03,-3.09340556E+00,-3.07280982E+00
+86.95000E-03,-3.09303249E+00,-3.07040069E+00
+86.96000E-03,-3.09318040E+00,-3.06829889E+00
+86.97000E-03,-3.09318013E+00,-3.06712059E+00
+86.98000E-03,-3.09312412E+00,-3.06553151E+00
+86.99000E-03,-3.09224476E+00,-3.06318227E+00
+87.00000E-03,-3.09236446E+00,-3.06211418E+00
+87.01000E-03,-3.09201253E+00,-3.05993583E+00
+87.02000E-03,-3.09236429E+00,-3.05891091E+00
+87.03000E-03,-3.09201253E+00,-3.05794554E+00
+87.04000E-03,-3.09221676E+00,-3.05668110E+00
+87.05000E-03,-3.09239932E+00,-3.05510945E+00
+87.06000E-03,-3.09218841E+00,-3.05482737E+00
+87.07000E-03,-3.09183665E+00,-3.05402444E+00
+87.08000E-03,-3.09193507E+00,-3.05293101E+00
+87.09000E-03,-3.09118931E+00,-3.05167532E+00
+87.10000E-03,-3.09116824E+00,-3.05182033E+00
+87.11000E-03,-3.09197028E+00,-3.05182025E+00
+87.12000E-03,-3.09110492E+00,-3.05072682E+00
+87.13000E-03,-3.09144278E+00,-3.05033411E+00
+87.14000E-03,-3.09175947E+00,-3.04988114E+00
+87.15000E-03,-3.09148507E+00,-3.04895861E+00
+87.16000E-03,-3.09118952E+00,-3.04947100E+00
+87.17000E-03,-3.09128777E+00,-3.04883918E+00
+87.18000E-03,-3.09034505E+00,-3.04882188E+00
+87.19000E-03,-3.08974010E+00,-3.04905279E+00
+87.20000E-03,-3.08979638E+00,-3.04840342E+00
+87.21000E-03,-3.09014114E+00,-3.04803591E+00
+87.22000E-03,-3.08945879E+00,-3.04749772E+00
+87.23000E-03,-3.08949390E+00,-3.04766020E+00
+87.24000E-03,-3.08996515E+00,-3.04773696E+00
+87.25000E-03,-3.08972599E+00,-3.04780538E+00
+87.26000E-03,-3.08898723E+00,-3.04801895E+00
+87.27000E-03,-3.08943058E+00,-3.04830949E+00
+87.28000E-03,-3.08997926E+00,-3.04834362E+00
+87.29000E-03,-3.08959939E+00,-3.04902708E+00
+87.30000E-03,-3.08930392E+00,-3.04895874E+00
+87.31000E-03,-3.08867789E+00,-3.04930895E+00
+87.32000E-03,-3.08957861E+00,-3.04965074E+00
+87.33000E-03,-3.08970513E+00,-3.04960798E+00
+87.34000E-03,-3.08855112E+00,-3.05034248E+00
+87.35000E-03,-3.08856533E+00,-3.05045367E+00
+87.36000E-03,-3.08880445E+00,-3.05132507E+00
+87.37000E-03,-3.08836138E+00,-3.05261467E+00
+87.38000E-03,-3.08796730E+00,-3.05246979E+00
+87.39000E-03,-3.08796012E+00,-3.05303344E+00
+87.40000E-03,-3.08923371E+00,-3.05408445E+00
+87.41000E-03,-3.08872721E+00,-3.05504115E+00
+87.42000E-03,-3.08854422E+00,-3.05607469E+00
+87.43000E-03,-3.08849494E+00,-3.05626289E+00
+87.44000E-03,-3.08848794E+00,-3.05759551E+00
+87.45000E-03,-3.08800244E+00,-3.05891091E+00
+87.46000E-03,-3.08855822E+00,-3.05939793E+00
+87.47000E-03,-3.08857940E+00,-3.06029488E+00
+87.48000E-03,-3.08849494E+00,-3.06103818E+00
+87.49000E-03,-3.08841041E+00,-3.06310556E+00
+87.50000E-03,-3.08831906E+00,-3.06339610E+00
+87.51000E-03,-3.08782678E+00,-3.06592452E+00
+87.52000E-03,-3.08815033E+00,-3.06766719E+00
+87.53000E-03,-3.08812897E+00,-3.06839311E+00
+87.54000E-03,-3.08779142E+00,-3.07098207E+00
+87.55000E-03,-3.08772118E+00,-3.07236569E+00
+87.56000E-03,-3.08779849E+00,-3.07350222E+00
+87.57000E-03,-3.08819264E+00,-3.07626997E+00
+87.58000E-03,-3.08779142E+00,-3.07657729E+00
+87.59000E-03,-3.08751701E+00,-3.07754275E+00
+87.60000E-03,-3.08803751E+00,-3.07915723E+00
+87.61000E-03,-3.08713704E+00,-3.08090840E+00
+87.62000E-03,-3.08796730E+00,-3.08240337E+00
+87.63000E-03,-3.08783353E+00,-3.08352234E+00
+87.64000E-03,-3.08801666E+00,-3.08400949E+00
+87.65000E-03,-3.08842463E+00,-3.08607683E+00
+87.66000E-03,-3.08834009E+00,-3.08676874E+00
+87.67000E-03,-3.08846691E+00,-3.08816971E+00
+87.68000E-03,-3.08809415E+00,-3.08892129E+00
+87.69000E-03,-3.08884670E+00,-3.08925454E+00
+87.70000E-03,-3.08793198E+00,-3.09017715E+00
+87.71000E-03,-3.08841770E+00,-3.09103988E+00
+87.72000E-03,-3.08841744E+00,-3.09115120E+00
+87.73000E-03,-3.08819950E+00,-3.09250104E+00
+87.74000E-03,-3.08890305E+00,-3.09197144E+00
+87.75000E-03,-3.08884670E+00,-3.09201419E+00
+87.76000E-03,-3.08958558E+00,-3.09386778E+00
+87.77000E-03,-3.08954307E+00,-3.09386774E+00
+87.78000E-03,-3.08885381E+00,-3.09435454E+00
+87.79000E-03,-3.08926181E+00,-3.09485002E+00
+87.80000E-03,-3.08905779E+00,-3.09598620E+00
+87.81000E-03,-3.08920553E+00,-3.09543960E+00
+87.82000E-03,-3.08919846E+00,-3.09578140E+00
+87.83000E-03,-3.08947276E+00,-3.09576409E+00
+87.84000E-03,-3.08955022E+00,-3.09590958E+00
+87.85000E-03,-3.08951511E+00,-3.09628528E+00
+87.86000E-03,-3.08933209E+00,-3.09628528E+00
+87.87000E-03,-3.09004964E+00,-3.09635380E+00
+87.88000E-03,-3.08987391E+00,-3.09671242E+00
+87.89000E-03,-3.08919127E+00,-3.09661000E+00
+87.90000E-03,-3.08958528E+00,-3.09675500E+00
+87.91000E-03,-3.09026806E+00,-3.09695153E+00
+87.92000E-03,-3.09090797E+00,-3.09701987E+00
+87.93000E-03,-3.09094285E+00,-3.09674627E+00
+87.94000E-03,-3.09111914E+00,-3.09672941E+00
+87.95000E-03,-3.09014813E+00,-3.09641329E+00
+87.96000E-03,-3.09047893E+00,-3.09626833E+00
+87.97000E-03,-3.09072476E+00,-3.09651576E+00
+87.98000E-03,-3.09048593E+00,-3.09607172E+00
+87.99000E-03,-3.09125265E+00,-3.09614842E+00
+88.00000E-03,-3.09095744E+00,-3.09521753E+00
+88.01000E-03,-3.09118934E+00,-3.09604640E+00
+88.02000E-03,-3.09125277E+00,-3.09506349E+00
+88.03000E-03,-3.09157639E+00,-3.09458537E+00
+88.04000E-03,-3.09178748E+00,-3.09492695E+00
+88.05000E-03,-3.09127380E+00,-3.09432041E+00
+88.06000E-03,-3.09114728E+00,-3.09413243E+00
+88.07000E-03,-3.09133008E+00,-3.09414961E+00
+88.08000E-03,-3.09130901E+00,-3.09391059E+00
+88.09000E-03,-3.09125284E+00,-3.09281676E+00
+88.10000E-03,-3.09144979E+00,-3.09239844E+00
+88.11000E-03,-3.09193492E+00,-3.09186002E+00
+88.12000E-03,-3.09111902E+00,-3.09119392E+00
+88.13000E-03,-3.09160464E+00,-3.09073252E+00
+88.14000E-03,-3.09140054E+00,-3.08992946E+00
+88.15000E-03,-3.09144964E+00,-3.08863942E+00
+88.16000E-03,-3.09193510E+00,-3.08819524E+00
+88.17000E-03,-3.09185791E+00,-3.08749497E+00
+88.18000E-03,-3.09166077E+00,-3.08678560E+00
+88.19000E-03,-3.09199853E+00,-3.08605952E+00
+88.20000E-03,-3.09155536E+00,-3.08479529E+00
+88.21000E-03,-3.09159749E+00,-3.08447916E+00
+88.22000E-03,-3.09228679E+00,-3.08324919E+00
+88.23000E-03,-3.09189989E+00,-3.08219821E+00
+88.24000E-03,-3.09218841E+00,-3.08044705E+00
+88.25000E-03,-3.09166085E+00,-3.08090817E+00
+88.26000E-03,-3.09157646E+00,-3.07884097E+00
+88.27000E-03,-3.09142865E+00,-3.07827729E+00
+88.28000E-03,-3.09088709E+00,-3.07652594E+00
+88.29000E-03,-3.09195579E+00,-3.07640625E+00
+88.30000E-03,-3.09173120E+00,-3.07552621E+00
+88.31000E-03,-3.09114020E+00,-3.07405705E+00
+88.32000E-03,-3.09150596E+00,-3.07246801E+00
+88.33000E-03,-3.09201983E+00,-3.07294664E+00
+88.34000E-03,-3.09140754E+00,-3.07129785E+00
+88.35000E-03,-3.09159019E+00,-3.06967478E+00
+88.36000E-03,-3.09152026E+00,-3.07012740E+00
+88.37000E-03,-3.09047194E+00,-3.06894860E+00
+88.38000E-03,-3.09113313E+00,-3.06804321E+00
+88.39000E-03,-3.09087291E+00,-3.06697528E+00
+88.40000E-03,-3.09095706E+00,-3.06642836E+00
+88.41000E-03,-3.09115416E+00,-3.06536902E+00
+88.42000E-03,-3.09101330E+00,-3.06501050E+00
+88.43000E-03,-3.09053533E+00,-3.06427578E+00
+88.44000E-03,-3.09077438E+00,-3.06363489E+00
+88.45000E-03,-3.09095725E+00,-3.06232800E+00
+88.46000E-03,-3.09079533E+00,-3.06267830E+00
+88.47000E-03,-3.09070387E+00,-3.06179830E+00
+88.48000E-03,-3.09005710E+00,-3.06140534E+00
+88.49000E-03,-3.09043642E+00,-3.06103833E+00
+88.50000E-03,-3.09078118E+00,-3.06147359E+00
+88.51000E-03,-3.09025373E+00,-3.05986755E+00
+88.52000E-03,-3.09035907E+00,-3.05925239E+00
+88.53000E-03,-3.09042250E+00,-3.05903065E+00
+88.54000E-03,-3.09031709E+00,-3.05974796E+00
+88.55000E-03,-3.08990217E+00,-3.06006404E+00
+88.56000E-03,-3.09022544E+00,-3.05973082E+00
+88.57000E-03,-3.09021160E+00,-3.05888533E+00
+88.58000E-03,-3.08974705E+00,-3.05976518E+00
+88.59000E-03,-3.09015520E+00,-3.05945769E+00
+88.60000E-03,-3.08976139E+00,-3.05955185E+00
+88.61000E-03,-3.08968385E+00,-3.05896222E+00
+88.62000E-03,-3.08999320E+00,-3.05892804E+00
+88.63000E-03,-3.09022567E+00,-3.06015824E+00
+88.64000E-03,-3.08977546E+00,-3.05972271E+00
+88.65000E-03,-3.08965578E+00,-3.06057665E+00
+88.66000E-03,-3.08974044E+00,-3.06067052E+00
+88.67000E-03,-3.08955022E+00,-3.06065348E+00
+88.68000E-03,-3.08946564E+00,-3.06193470E+00
+88.69000E-03,-3.09004987E+00,-3.06189237E+00
+88.70000E-03,-3.08965582E+00,-3.06275513E+00
+88.71000E-03,-3.08956417E+00,-3.06219127E+00
+88.72000E-03,-3.08974697E+00,-3.06276358E+00
+88.73000E-03,-3.08984566E+00,-3.06317387E+00
+88.74000E-03,-3.08913530E+00,-3.06385719E+00
+88.75000E-03,-3.08937438E+00,-3.06382302E+00
+88.76000E-03,-3.08907878E+00,-3.06414774E+00
+88.77000E-03,-3.08961361E+00,-3.06575377E+00
+88.78000E-03,-3.08902258E+00,-3.06530931E+00
+88.79000E-03,-3.08897341E+00,-3.06706095E+00
+88.80000E-03,-3.08965567E+00,-3.06779524E+00
+88.81000E-03,-3.08870619E+00,-3.06852146E+00
+88.82000E-03,-3.08921952E+00,-3.06766719E+00
+88.83000E-03,-3.08874097E+00,-3.06893972E+00
+88.84000E-03,-3.08847376E+00,-3.06958930E+00
+88.85000E-03,-3.08877631E+00,-3.07099880E+00
+88.86000E-03,-3.08902258E+00,-3.07064044E+00
+88.87000E-03,-3.08884670E+00,-3.07126358E+00
+88.88000E-03,-3.08919846E+00,-3.07218619E+00
+88.89000E-03,-3.08867082E+00,-3.07310881E+00
+88.90000E-03,-3.08863576E+00,-3.07445855E+00
+88.91000E-03,-3.08914206E+00,-3.07486001E+00
+88.92000E-03,-3.08864280E+00,-3.07592829E+00
+88.93000E-03,-3.08891014E+00,-3.07690196E+00
+88.94000E-03,-3.08866382E+00,-3.07849969E+00
+88.95000E-03,-3.08965562E+00,-3.07834559E+00
+88.96000E-03,-3.08953627E+00,-3.07894333E+00
+88.97000E-03,-3.08911400E+00,-3.08019047E+00
+88.98000E-03,-3.08872714E+00,-3.08025930E+00
+88.99000E-03,-3.08934616E+00,-3.08197624E+00
+89.00000E-03,-3.08902246E+00,-3.08197619E+00
+89.01000E-03,-3.08907878E+00,-3.08387306E+00
+89.02000E-03,-3.08883954E+00,-3.08333463E+00
+89.03000E-03,-3.08919846E+00,-3.08435140E+00
+89.04000E-03,-3.08908594E+00,-3.08504312E+00
+89.05000E-03,-3.08930411E+00,-3.08522252E+00
+89.06000E-03,-3.08934604E+00,-3.08581187E+00
+89.07000E-03,-3.08957128E+00,-3.08659799E+00
+89.08000E-03,-3.08950101E+00,-3.08664041E+00
+89.09000E-03,-3.08964875E+00,-3.08719579E+00
+89.10000E-03,-3.08944513E+00,-3.08752876E+00
+89.11000E-03,-3.08973297E+00,-3.08780222E+00
+89.12000E-03,-3.09003552E+00,-3.08815257E+00
+89.13000E-03,-3.08943046E+00,-3.08854573E+00
+89.14000E-03,-3.08999351E+00,-3.08865679E+00
+89.15000E-03,-3.08986692E+00,-3.08872479E+00
+89.16000E-03,-3.08984557E+00,-3.08945111E+00
+89.17000E-03,-3.09010587E+00,-3.08887026E+00
+89.18000E-03,-3.08955022E+00,-3.08891312E+00
+89.19000E-03,-3.09008485E+00,-3.09010031E+00
+89.20000E-03,-3.08965583E+00,-3.09030538E+00
+89.21000E-03,-3.08971215E+00,-3.08975845E+00
+89.22000E-03,-3.09005699E+00,-3.09051895E+00
+89.23000E-03,-3.08976859E+00,-3.09064734E+00
+89.24000E-03,-3.09033828E+00,-3.09087765E+00
+89.25000E-03,-3.08937438E+00,-3.09094599E+00
+89.26000E-03,-3.08978230E+00,-3.09009182E+00
+89.27000E-03,-3.09050017E+00,-3.09066423E+00
+89.28000E-03,-3.09060549E+00,-3.09042513E+00
+89.29000E-03,-3.09021876E+00,-3.09044202E+00
+89.30000E-03,-3.09113313E+00,-3.09051895E+00
+89.31000E-03,-3.09010616E+00,-3.09008322E+00
+89.32000E-03,-3.09097832E+00,-3.08928870E+00
+89.33000E-03,-3.09065470E+00,-3.08963925E+00
+89.34000E-03,-3.09109076E+00,-3.08895578E+00
+89.35000E-03,-3.09067589E+00,-3.08979277E+00
+89.36000E-03,-3.09059862E+00,-3.09015147E+00
+89.37000E-03,-3.09036663E+00,-3.08923754E+00
+89.38000E-03,-3.08993003E+00,-3.08916940E+00
+89.39000E-03,-3.09021156E+00,-3.08848569E+00
+89.40000E-03,-3.09060549E+00,-3.08791357E+00
+89.41000E-03,-3.09066190E+00,-3.08769151E+00
+89.42000E-03,-3.09038707E+00,-3.08832342E+00
+89.43000E-03,-3.09080252E+00,-3.08798182E+00
+89.44000E-03,-3.09096425E+00,-3.08777654E+00
+89.45000E-03,-3.09116827E+00,-3.08705895E+00
+89.46000E-03,-3.09060549E+00,-3.08684533E+00
+89.47000E-03,-3.09071777E+00,-3.08624760E+00
+89.48000E-03,-3.09079520E+00,-3.08588046E+00
+89.49000E-03,-3.09145671E+00,-3.08553021E+00
+89.50000E-03,-3.09113305E+00,-3.08368493E+00
+89.51000E-03,-3.09102073E+00,-3.08382126E+00
+89.52000E-03,-3.09125993E+00,-3.08396664E+00
+89.53000E-03,-3.09106299E+00,-3.08301815E+00
+89.54000E-03,-3.09083054E+00,-3.08292468E+00
+89.55000E-03,-3.09039460E+00,-3.08270222E+00
+89.56000E-03,-3.09111898E+00,-3.08263413E+00
+89.57000E-03,-3.09144276E+00,-3.08147237E+00
+89.58000E-03,-3.09042961E+00,-3.08127579E+00
+89.59000E-03,-3.09076018E+00,-3.08019051E+00
+89.60000E-03,-3.09134431E+00,-3.08018247E+00
+89.61000E-03,-3.09127363E+00,-3.07978925E+00
+89.62000E-03,-3.09130901E+00,-3.07875558E+00
+89.63000E-03,-3.09111910E+00,-3.07891815E+00
+89.64000E-03,-3.09077417E+00,-3.07706418E+00
+89.65000E-03,-3.09127396E+00,-3.07719212E+00
+89.66000E-03,-3.09138644E+00,-3.07714076E+00
+89.67000E-03,-3.09100654E+00,-3.07580860E+00
+89.68000E-03,-3.09095725E+00,-3.07570573E+00
+89.69000E-03,-3.09097823E+00,-3.07511659E+00
+89.70000E-03,-3.09049988E+00,-3.07403157E+00
+89.71000E-03,-3.09130901E+00,-3.07459513E+00
+89.72000E-03,-3.09079528E+00,-3.07376654E+00
+89.73000E-03,-3.09035256E+00,-3.07343352E+00
+89.74000E-03,-3.09090089E+00,-3.07357865E+00
+89.75000E-03,-3.09060566E+00,-3.07257905E+00
+89.76000E-03,-3.09107693E+00,-3.07082774E+00
+89.77000E-03,-3.09095725E+00,-3.07071674E+00
+89.78000E-03,-3.09017647E+00,-3.07097317E+00
+89.79000E-03,-3.09078137E+00,-3.06937574E+00
+89.80000E-03,-3.08948020E+00,-3.06929021E+00
+89.81000E-03,-3.09058426E+00,-3.06959790E+00
+89.82000E-03,-3.09076031E+00,-3.06980287E+00
+89.83000E-03,-3.09007786E+00,-3.06861554E+00
+89.84000E-03,-3.09066165E+00,-3.06897433E+00
+89.85000E-03,-3.09081646E+00,-3.06809407E+00
+89.86000E-03,-3.09030285E+00,-3.06723172E+00
+89.87000E-03,-3.09022551E+00,-3.06761578E+00
+89.88000E-03,-3.09037350E+00,-3.06741956E+00
+89.89000E-03,-3.09012002E+00,-3.06648820E+00
+89.90000E-03,-3.09042961E+00,-3.06736799E+00
+89.91000E-03,-3.09052806E+00,-3.06745363E+00
+89.92000E-03,-3.09030302E+00,-3.06706051E+00
+89.93000E-03,-3.09026043E+00,-3.06665884E+00
+89.94000E-03,-3.09074641E+00,-3.06739419E+00
+89.95000E-03,-3.09021860E+00,-3.06621462E+00
+89.96000E-03,-3.08985264E+00,-3.06700956E+00
+89.97000E-03,-3.08935349E+00,-3.06673568E+00
+89.98000E-03,-3.08973300E+00,-3.06673614E+00
+89.99000E-03,-3.09019737E+00,-3.06727428E+00
+90.00000E-03,-3.08972614E+00,-3.06681287E+00
+90.01000E-03,-3.08954293E+00,-3.06694940E+00
+90.02000E-03,-3.08962078E+00,-3.06745363E+00
+90.03000E-03,-3.08983184E+00,-3.06757338E+00
+90.04000E-03,-3.08932518E+00,-3.06716312E+00
+90.05000E-03,-3.08972588E+00,-3.06873477E+00
+90.06000E-03,-3.08971194E+00,-3.06727444E+00
+90.07000E-03,-3.08966291E+00,-3.06828232E+00
+90.08000E-03,-3.08995851E+00,-3.06913675E+00
+90.09000E-03,-3.08978225E+00,-3.06902580E+00
+90.10000E-03,-3.08962040E+00,-3.06920504E+00
+90.11000E-03,-3.08928983E+00,-3.06990549E+00
+90.12000E-03,-3.08914200E+00,-3.06953789E+00
+90.13000E-03,-3.08997966E+00,-3.07053791E+00
+90.14000E-03,-3.08941651E+00,-3.06920462E+00
+90.15000E-03,-3.08902258E+00,-3.07159679E+00
+90.16000E-03,-3.08943075E+00,-3.07156246E+00
+90.17000E-03,-3.08884670E+00,-3.07165696E+00
+90.18000E-03,-3.08891015E+00,-3.07271578E+00
+90.19000E-03,-3.08902957E+00,-3.07341654E+00
+90.20000E-03,-3.08923359E+00,-3.07390332E+00
+90.21000E-03,-3.08924779E+00,-3.07483474E+00
+90.22000E-03,-3.08928987E+00,-3.07439880E+00
+90.23000E-03,-3.08942376E+00,-3.07486011E+00
+90.24000E-03,-3.08887488E+00,-3.07571432E+00
+90.25000E-03,-3.08937451E+00,-3.07556915E+00
+90.26000E-03,-3.08934624E+00,-3.07574865E+00
+90.27000E-03,-3.09008502E+00,-3.07585106E+00
+90.28000E-03,-3.08973322E+00,-3.07709012E+00
+90.29000E-03,-3.08967694E+00,-3.07764519E+00
+90.30000E-03,-3.08940956E+00,-3.07817452E+00
+90.31000E-03,-3.09003538E+00,-3.07714154E+00
+90.32000E-03,-3.08908576E+00,-3.07810644E+00
+90.33000E-03,-3.08924766E+00,-3.07926852E+00
+90.34000E-03,-3.08859348E+00,-3.07931951E+00
+90.35000E-03,-3.08919824E+00,-3.07945577E+00
+90.36000E-03,-3.08977521E+00,-3.07936212E+00
+90.37000E-03,-3.08905081E+00,-3.08000271E+00
+90.38000E-03,-3.08841725E+00,-3.08123334E+00
+90.39000E-03,-3.08938155E+00,-3.08117317E+00
+90.40000E-03,-3.08976136E+00,-3.08120734E+00
+90.41000E-03,-3.08929027E+00,-3.08164313E+00
+90.42000E-03,-3.08975411E+00,-3.08185653E+00
+90.43000E-03,-3.08945894E+00,-3.08213844E+00
+90.44000E-03,-3.09009184E+00,-3.08262543E+00
+90.45000E-03,-3.08962048E+00,-3.08372771E+00
+90.46000E-03,-3.08950088E+00,-3.08275368E+00
+90.47000E-03,-3.08955716E+00,-3.08387304E+00
+90.48000E-03,-3.08949389E+00,-3.08353961E+00
+90.49000E-03,-3.08940252E+00,-3.08342877E+00
+90.50000E-03,-3.08955000E+00,-3.08389830E+00
+90.51000E-03,-3.08960641E+00,-3.08465027E+00
+90.52000E-03,-3.09026090E+00,-3.08381265E+00
+90.53000E-03,-3.09006361E+00,-3.08454770E+00
+90.54000E-03,-3.08986702E+00,-3.08541852E+00
+90.55000E-03,-3.09053505E+00,-3.08543609E+00
+90.56000E-03,-3.08905798E+00,-3.08498338E+00
+90.57000E-03,-3.08917001E+00,-3.08619645E+00
+90.58000E-03,-3.08899431E+00,-3.08572638E+00
+90.59000E-03,-3.08966995E+00,-3.08513731E+00
+90.60000E-03,-3.09007808E+00,-3.08616238E+00
+90.61000E-03,-3.08990198E+00,-3.08561522E+00
+90.62000E-03,-3.08969787E+00,-3.08478690E+00
+90.63000E-03,-3.08999370E+00,-3.08534223E+00
+90.64000E-03,-3.08967672E+00,-3.08506859E+00
+90.65000E-03,-3.09014838E+00,-3.08492364E+00
+90.66000E-03,-3.09070394E+00,-3.08582046E+00
+90.67000E-03,-3.09042961E+00,-3.08606804E+00
+90.68000E-03,-3.09049306E+00,-3.08520544E+00
+90.69000E-03,-3.09076040E+00,-3.08519673E+00
+90.70000E-03,-3.09039426E+00,-3.08586312E+00
+90.71000E-03,-3.08990198E+00,-3.08585431E+00
+90.72000E-03,-3.08971915E+00,-3.08528232E+00
+90.73000E-03,-3.09002843E+00,-3.08497457E+00
+90.74000E-03,-3.08978247E+00,-3.08524821E+00
+90.75000E-03,-3.09025351E+00,-3.08432532E+00
+90.76000E-03,-3.08984578E+00,-3.08396658E+00
+90.77000E-03,-3.08949398E+00,-3.08382136E+00
+90.78000E-03,-3.09033811E+00,-3.08472667E+00
+90.79000E-03,-3.09020458E+00,-3.08347121E+00
+90.80000E-03,-3.09014852E+00,-3.08270248E+00
+90.81000E-03,-3.09024665E+00,-3.08365899E+00
+90.82000E-03,-3.09023267E+00,-3.08296736E+00
+90.83000E-03,-3.09050709E+00,-3.08368478E+00
+90.84000E-03,-3.09082376E+00,-3.08209589E+00
+90.85000E-03,-3.09123861E+00,-3.08257434E+00
+90.86000E-03,-3.09038050E+00,-3.08298444E+00
+90.87000E-03,-3.09044373E+00,-3.08274481E+00
+90.88000E-03,-3.09010591E+00,-3.08243744E+00
+90.89000E-03,-3.09092230E+00,-3.08251454E+00
+90.90000E-03,-3.09092199E+00,-3.08184832E+00
+90.91000E-03,-3.09039421E+00,-3.08097691E+00
+90.92000E-03,-3.09038032E+00,-3.08095056E+00
+90.93000E-03,-3.09058434E+00,-3.08059210E+00
+90.94000E-03,-3.09144994E+00,-3.07983207E+00
+90.95000E-03,-3.09102774E+00,-3.08031008E+00
+90.96000E-03,-3.09065483E+00,-3.07960092E+00
+90.97000E-03,-3.09079526E+00,-3.08018199E+00
+90.98000E-03,-3.09043651E+00,-3.07948182E+00
+90.99000E-03,-3.09016918E+00,-3.07878093E+00
+91.00000E-03,-3.09060527E+00,-3.07919997E+00
+91.01000E-03,-3.09084487E+00,-3.07819137E+00
+91.02000E-03,-3.09041527E+00,-3.07834559E+00
+91.03000E-03,-3.09014798E+00,-3.07760242E+00
+91.04000E-03,-3.09071801E+00,-3.07727775E+00
+91.05000E-03,-3.09039439E+00,-3.07685061E+00
+91.06000E-03,-3.09128069E+00,-3.07703838E+00
+91.07000E-03,-3.09007786E+00,-3.07601293E+00
+91.08000E-03,-3.09078137E+00,-3.07590226E+00
+91.09000E-03,-3.09015520E+00,-3.07589338E+00
+91.10000E-03,-3.09081646E+00,-3.07591058E+00
+91.11000E-03,-3.09069686E+00,-3.07599634E+00
+91.12000E-03,-3.09060549E+00,-3.07599634E+00
+91.13000E-03,-3.09022569E+00,-3.07473196E+00
+91.14000E-03,-3.09056333E+00,-3.07487730E+00
+91.15000E-03,-3.09039435E+00,-3.07441599E+00
+91.16000E-03,-3.09003583E+00,-3.07412526E+00
+91.17000E-03,-3.09027502E+00,-3.07407423E+00
+91.18000E-03,-3.09030271E+00,-3.07284419E+00
+91.19000E-03,-3.08974007E+00,-3.07280980E+00
+91.20000E-03,-3.08993711E+00,-3.07343352E+00
+91.21000E-03,-3.08971216E+00,-3.07364709E+00
+91.22000E-03,-3.09025373E+00,-3.07322839E+00
+91.23000E-03,-3.09047215E+00,-3.07257088E+00
+91.24000E-03,-3.09036648E+00,-3.07351019E+00
+91.25000E-03,-3.09095707E+00,-3.07236557E+00
+91.26000E-03,-3.08996548E+00,-3.07279282E+00
+91.27000E-03,-3.09020467E+00,-3.07294681E+00
+91.28000E-03,-3.08998635E+00,-3.07269902E+00
+91.29000E-03,-3.08997955E+00,-3.07275039E+00
+91.30000E-03,-3.08997219E+00,-3.07257953E+00
+91.31000E-03,-3.08990906E+00,-3.07235709E+00
+91.32000E-03,-3.08992304E+00,-3.07241683E+00
+91.33000E-03,-3.08993026E+00,-3.07242543E+00
+91.34000E-03,-3.09030988E+00,-3.07229751E+00
+91.35000E-03,-3.09000769E+00,-3.07249377E+00
+91.36000E-03,-3.08911394E+00,-3.07280114E+00
+91.37000E-03,-3.08976845E+00,-3.07218640E+00
+91.38000E-03,-3.08964838E+00,-3.07315184E+00
+91.39000E-03,-3.09047900E+00,-3.07263045E+00
+91.40000E-03,-3.08986671E+00,-3.07240851E+00
+91.41000E-03,-3.08966968E+00,-3.07264776E+00
+91.42000E-03,-3.09023244E+00,-3.07208412E+00
+91.43000E-03,-3.09049973E+00,-3.07340784E+00
+91.44000E-03,-3.09019783E+00,-3.07423688E+00
+91.45000E-03,-3.08962048E+00,-3.07458696E+00
+91.46000E-03,-3.09035241E+00,-3.07479176E+00
+91.47000E-03,-3.08964163E+00,-3.07398852E+00
+91.48000E-03,-3.08919156E+00,-3.07415937E+00
+91.49000E-03,-3.08934615E+00,-3.07439048E+00
+91.50000E-03,-3.08972591E+00,-3.07514190E+00
+91.51000E-03,-3.08937434E+00,-3.07471493E+00
+91.52000E-03,-3.08926187E+00,-3.07523649E+00
+91.53000E-03,-3.08937434E+00,-3.07524452E+00
+91.54000E-03,-3.08940928E+00,-3.07605602E+00
+91.55000E-03,-3.09018329E+00,-3.07475770E+00
+91.56000E-03,-3.09002828E+00,-3.07601354E+00
+91.57000E-03,-3.08933222E+00,-3.07653476E+00
+91.58000E-03,-3.08919846E+00,-3.07688495E+00
+91.59000E-03,-3.08960636E+00,-3.07694452E+00
+91.60000E-03,-3.08990174E+00,-3.07672281E+00
+91.61000E-03,-3.08914935E+00,-3.07658573E+00
+91.62000E-03,-3.08988786E+00,-3.07686775E+00
+91.63000E-03,-3.08956424E+00,-3.07775597E+00
+91.64000E-03,-3.08892380E+00,-3.07765368E+00
+91.65000E-03,-3.08944488E+00,-3.07736283E+00
+91.66000E-03,-3.08947278E+00,-3.07860215E+00
+91.67000E-03,-3.08909317E+00,-3.07877272E+00
+91.68000E-03,-3.08844598E+00,-3.08007981E+00
+91.69000E-03,-3.08953624E+00,-3.07875575E+00
+91.70000E-03,-3.08958535E+00,-3.07877272E+00
+91.71000E-03,-3.08942368E+00,-3.07863598E+00
+91.72000E-03,-3.08910705E+00,-3.07923357E+00
+91.73000E-03,-3.08925479E+00,-3.07941342E+00
+91.74000E-03,-3.08931796E+00,-3.07942162E+00
+91.75000E-03,-3.08990188E+00,-3.07919986E+00
+91.76000E-03,-3.08999358E+00,-3.07930220E+00
+91.77000E-03,-3.08968422E+00,-3.08084012E+00
+91.78000E-03,-3.08946584E+00,-3.08067752E+00
+91.79000E-03,-3.08966273E+00,-3.08020801E+00
+91.80000E-03,-3.08951499E+00,-3.08069483E+00
+91.81000E-03,-3.08990906E+00,-3.08107896E+00
+91.82000E-03,-3.08961339E+00,-3.08026770E+00
+91.83000E-03,-3.08982449E+00,-3.08063509E+00
+91.84000E-03,-3.08992318E+00,-3.08086598E+00
+91.85000E-03,-3.08958554E+00,-3.08129294E+00
+91.86000E-03,-3.08959932E+00,-3.08091671E+00
+91.87000E-03,-3.09073902E+00,-3.08110482E+00
+91.88000E-03,-3.09059147E+00,-3.08213872E+00
+91.89000E-03,-3.09060549E+00,-3.08138673E+00
+91.90000E-03,-3.08986670E+00,-3.08189116E+00
+91.91000E-03,-3.08993739E+00,-3.08197624E+00
+91.92000E-03,-3.09000056E+00,-3.08255708E+00
+91.93000E-03,-3.09023258E+00,-3.08280482E+00
+91.94000E-03,-3.09059152E+00,-3.08301014E+00
+91.95000E-03,-3.09039449E+00,-3.08231777E+00
+91.96000E-03,-3.09021832E+00,-3.08287351E+00
+91.97000E-03,-3.09106254E+00,-3.08325765E+00
+91.98000E-03,-3.09055605E+00,-3.08209630E+00
+91.99000E-03,-3.09078137E+00,-3.08168602E+00
+92.00000E-03,-3.09060545E+00,-3.08283028E+00
+92.01000E-03,-3.09072519E+00,-3.08261694E+00
+92.02000E-03,-3.09041525E+00,-3.08233509E+00
+92.03000E-03,-3.09042248E+00,-3.08264292E+00
+92.04000E-03,-3.09047876E+00,-3.08131827E+00
+92.05000E-03,-3.09050006E+00,-3.08193347E+00
+92.06000E-03,-3.09109771E+00,-3.08135274E+00
+92.07000E-03,-3.09021162E+00,-3.08254023E+00
+92.08000E-03,-3.09009877E+00,-3.08130119E+00
+92.09000E-03,-3.09064790E+00,-3.08130979E+00
+92.10000E-03,-3.09011293E+00,-3.08240337E+00
+92.11000E-03,-3.09091499E+00,-3.08198455E+00
+92.12000E-03,-3.09088666E+00,-3.08196693E+00
+92.13000E-03,-3.08995806E+00,-3.08194219E+00
+92.14000E-03,-3.09021157E+00,-3.08122436E+00
+92.15000E-03,-3.09004282E+00,-3.08133524E+00
+92.16000E-03,-3.09052806E+00,-3.08133553E+00
+92.17000E-03,-3.09002856E+00,-3.08066897E+00
+92.18000E-03,-3.09080917E+00,-3.08187349E+00
+92.19000E-03,-3.09010580E+00,-3.08154062E+00
+92.20000E-03,-3.08979635E+00,-3.08107931E+00
+92.21000E-03,-3.09066876E+00,-3.08028460E+00
+92.22000E-03,-3.09076056E+00,-3.08037027E+00
+92.23000E-03,-3.09078826E+00,-3.08032773E+00
+92.24000E-03,-3.08972610E+00,-3.08070302E+00
+92.25000E-03,-3.09042952E+00,-3.08112167E+00
+92.26000E-03,-3.09057740E+00,-3.07998590E+00
+92.27000E-03,-3.09013409E+00,-3.07977228E+00
+92.28000E-03,-3.09025373E+00,-3.07993435E+00
+92.29000E-03,-3.08969117E+00,-3.07968667E+00
+92.30000E-03,-3.09000765E+00,-3.07907183E+00
+92.31000E-03,-3.09042253E+00,-3.07919986E+00
+92.32000E-03,-3.09073926E+00,-3.07893515E+00
+92.33000E-03,-3.09030293E+00,-3.07873837E+00
+92.34000E-03,-3.09033107E+00,-3.07902870E+00
+92.35000E-03,-3.09025373E+00,-3.07855886E+00
+92.36000E-03,-3.09026057E+00,-3.07722643E+00
+92.37000E-03,-3.09026785E+00,-3.07855915E+00
+92.38000E-03,-3.08960630E+00,-3.07831153E+00
+92.39000E-03,-3.08994414E+00,-3.07850796E+00
+92.40000E-03,-3.09018368E+00,-3.07808948E+00
+92.41000E-03,-3.09058449E+00,-3.07794396E+00
+92.42000E-03,-3.09050690E+00,-3.07783272E+00
+92.43000E-03,-3.08987418E+00,-3.07706418E+00
+92.44000E-03,-3.09039468E+00,-3.07744890E+00
+92.45000E-03,-3.09014835E+00,-3.07659439E+00
+92.46000E-03,-3.09015504E+00,-3.07677379E+00
+92.47000E-03,-3.08998645E+00,-3.07655974E+00
+92.48000E-03,-3.09025373E+00,-3.07664541E+00
+92.49000E-03,-3.08998655E+00,-3.07681638E+00
+92.50000E-03,-3.09025373E+00,-3.07578289E+00
+92.51000E-03,-3.09066901E+00,-3.07650060E+00
+92.52000E-03,-3.08995821E+00,-3.07593678E+00
+92.53000E-03,-3.09093585E+00,-3.07568898E+00
+92.54000E-03,-3.09066886E+00,-3.07558647E+00
+92.55000E-03,-3.09011333E+00,-3.07561198E+00
+92.56000E-03,-3.09041544E+00,-3.07593612E+00
+92.57000E-03,-3.09049278E+00,-3.07535564E+00
+92.58000E-03,-3.08990198E+00,-3.07446701E+00
+92.59000E-03,-3.09052816E+00,-3.07592818E+00
+92.60000E-03,-3.09092218E+00,-3.07548402E+00
+92.61000E-03,-3.09078137E+00,-3.07579107E+00
+92.62000E-03,-3.09113313E+00,-3.07599634E+00
+92.63000E-03,-3.09078137E+00,-3.07538969E+00
+92.64000E-03,-3.09033806E+00,-3.07609873E+00
+92.65000E-03,-3.09014816E+00,-3.07578277E+00
+92.66000E-03,-3.09085881E+00,-3.07540665E+00
+92.67000E-03,-3.09080936E+00,-3.07511620E+00
+92.68000E-03,-3.09080253E+00,-3.07514207E+00
+92.69000E-03,-3.09040167E+00,-3.07558617E+00
+92.70000E-03,-3.09067600E+00,-3.07578277E+00
+92.71000E-03,-3.09066876E+00,-3.07566293E+00
+92.72000E-03,-3.09068997E+00,-3.07535564E+00
+92.73000E-03,-3.09096414E+00,-3.07512535E+00
+92.74000E-03,-3.09131575E+00,-3.07510784E+00
+92.75000E-03,-3.09113293E+00,-3.07556963E+00
+92.76000E-03,-3.09134444E+00,-3.07564633E+00
+92.77000E-03,-3.09025373E+00,-3.07484277E+00
+92.78000E-03,-3.09086574E+00,-3.07563700E+00
+92.79000E-03,-3.09123142E+00,-3.07514207E+00
+92.80000E-03,-3.09004288E+00,-3.07544088E+00
+92.81000E-03,-3.09026791E+00,-3.07472354E+00
+92.82000E-03,-3.09040856E+00,-3.07533007E+00
+92.83000E-03,-3.09071127E+00,-3.07569765E+00
+92.84000E-03,-3.09082379E+00,-3.07568886E+00
+92.85000E-03,-3.09025348E+00,-3.07616762E+00
+92.86000E-03,-3.09050730E+00,-3.07632084E+00
+92.87000E-03,-3.09048610E+00,-3.07701274E+00
+92.88000E-03,-3.09119685E+00,-3.07597931E+00
+92.89000E-03,-3.09038022E+00,-3.07647467E+00
+92.90000E-03,-3.09035881E+00,-3.07655168E+00
+92.91000E-03,-3.09097826E+00,-3.07697015E+00
+92.92000E-03,-3.09080268E+00,-3.07697844E+00
+92.93000E-03,-3.09027489E+00,-3.07720068E+00
+92.94000E-03,-3.09111916E+00,-3.07664552E+00
+92.95000E-03,-3.09039449E+00,-3.07689357E+00
+92.96000E-03,-3.09066876E+00,-3.07791845E+00
+92.97000E-03,-3.09026760E+00,-3.07845658E+00
+92.98000E-03,-3.09026062E+00,-3.07754300E+00
+92.99000E-03,-3.09054911E+00,-3.07863579E+00
+93.00000E-03,-3.08972635E+00,-3.07706430E+00
+93.01000E-03,-3.09014138E+00,-3.07909753E+00
+93.02000E-03,-3.09007786E+00,-3.07813202E+00
+93.03000E-03,-3.09001489E+00,-3.07792712E+00
+93.04000E-03,-3.09041539E+00,-3.07805507E+00
+93.05000E-03,-3.09039464E+00,-3.07826034E+00
+93.06000E-03,-3.09074594E+00,-3.07960978E+00
+93.07000E-03,-3.09028223E+00,-3.07903742E+00
+93.08000E-03,-3.08987368E+00,-3.07896091E+00
+93.09000E-03,-3.09005665E+00,-3.07910595E+00
+93.10000E-03,-3.09007786E+00,-3.07911437E+00
+93.11000E-03,-3.08967700E+00,-3.07957567E+00
+93.12000E-03,-3.08993022E+00,-3.07839703E+00
+93.13000E-03,-3.08990198E+00,-3.07957592E+00
+93.14000E-03,-3.09083801E+00,-3.08022529E+00
+93.15000E-03,-3.08965554E+00,-3.08009634E+00
+93.16000E-03,-3.09003585E+00,-3.07990909E+00
+93.17000E-03,-3.09030303E+00,-3.07925972E+00
+93.18000E-03,-3.09054202E+00,-3.07989194E+00
+93.19000E-03,-3.08990198E+00,-3.08004565E+00
+93.20000E-03,-3.09092238E+00,-3.08056688E+00
+93.21000E-03,-3.08996524E+00,-3.07999420E+00
+93.22000E-03,-3.08988811E+00,-3.07917460E+00
+93.23000E-03,-3.09007786E+00,-3.08068648E+00
+93.24000E-03,-3.09004966E+00,-3.08062636E+00
+93.25000E-03,-3.09130886E+00,-3.08026788E+00
+93.26000E-03,-3.09046505E+00,-3.08043824E+00
+93.27000E-03,-3.09048584E+00,-3.07963572E+00
+93.28000E-03,-3.09043675E+00,-3.08068616E+00
+93.29000E-03,-3.09039470E+00,-3.08071210E+00
+93.30000E-03,-3.09064072E+00,-3.08035325E+00
+93.31000E-03,-3.08994450E+00,-3.08109615E+00
+93.32000E-03,-3.09111208E+00,-3.08114753E+00
+93.33000E-03,-3.09050710E+00,-3.08197624E+00
+93.34000E-03,-3.09087992E+00,-3.08057517E+00
+93.35000E-03,-3.09046495E+00,-3.08116455E+00
+93.36000E-03,-3.09043644E+00,-3.08107065E+00
+93.37000E-03,-3.09091489E+00,-3.08103623E+00
+93.38000E-03,-3.09038756E+00,-3.07992567E+00
+93.39000E-03,-3.09047177E+00,-3.08143792E+00
+93.40000E-03,-3.09000756E+00,-3.08060947E+00
+93.41000E-03,-3.09099926E+00,-3.08060080E+00
+93.42000E-03,-3.09025373E+00,-3.08048126E+00
+93.43000E-03,-3.08992313E+00,-3.08032712E+00
+93.44000E-03,-3.09023279E+00,-3.08043887E+00
+93.45000E-03,-3.09046474E+00,-3.07954138E+00
+93.46000E-03,-3.09014112E+00,-3.07978063E+00
+93.47000E-03,-3.09052102E+00,-3.07963541E+00
+93.48000E-03,-3.09054228E+00,-3.07984056E+00
+93.49000E-03,-3.09133720E+00,-3.08019106E+00
+93.50000E-03,-3.09095725E+00,-3.07920005E+00
+93.51000E-03,-3.09065432E+00,-3.07988359E+00
+93.52000E-03,-3.09102067E+00,-3.07984056E+00
+93.53000E-03,-3.09033096E+00,-3.07928497E+00
+93.54000E-03,-3.09039470E+00,-3.07935375E+00
+93.55000E-03,-3.09039439E+00,-3.07843146E+00
+93.56000E-03,-3.09011329E+00,-3.07960117E+00
+93.57000E-03,-3.09001470E+00,-3.07955030E+00
+93.58000E-03,-3.09033123E+00,-3.07987492E+00
+93.59000E-03,-3.09040840E+00,-3.08041311E+00
+93.60000E-03,-3.09050002E+00,-3.07902919E+00
+93.61000E-03,-3.09043644E+00,-3.07919157E+00
+93.62000E-03,-3.09095725E+00,-3.08016480E+00
+93.63000E-03,-3.09078137E+00,-3.07960997E+00
+93.64000E-03,-3.09064765E+00,-3.07941342E+00
+93.65000E-03,-3.09078137E+00,-3.07937058E+00
+93.66000E-03,-3.09052805E+00,-3.07893529E+00
+93.67000E-03,-3.09062681E+00,-3.07833749E+00
+93.68000E-03,-3.09099957E+00,-3.07882411E+00
+93.69000E-03,-3.08975403E+00,-3.07836254E+00
+93.70000E-03,-3.09042988E+00,-3.07838855E+00
+93.71000E-03,-3.09038026E+00,-3.07834559E+00
+93.72000E-03,-3.09044347E+00,-3.07908887E+00
+93.73000E-03,-3.09090092E+00,-3.07864426E+00
+93.74000E-03,-3.09040142E+00,-3.07855915E+00
+93.75000E-03,-3.09130912E+00,-3.07791864E+00
+93.76000E-03,-3.09096460E+00,-3.07838862E+00
+93.77000E-03,-3.09090102E+00,-3.07856789E+00
+93.78000E-03,-3.09088002E+00,-3.07738019E+00
+93.79000E-03,-3.09015545E+00,-3.07764521E+00
+93.80000E-03,-3.09004289E+00,-3.07727807E+00
+93.81000E-03,-3.09110478E+00,-3.07764463E+00
+93.82000E-03,-3.09065506E+00,-3.07690174E+00
+93.83000E-03,-3.09018365E+00,-3.07827686E+00
+93.84000E-03,-3.09060549E+00,-3.07689300E+00
+93.85000E-03,-3.09102766E+00,-3.07761971E+00
+93.86000E-03,-3.09069002E+00,-3.07689365E+00
+93.87000E-03,-3.09061962E+00,-3.07765343E+00
+93.88000E-03,-3.09078137E+00,-3.07690167E+00
+93.89000E-03,-3.09087294E+00,-3.07646587E+00
+93.90000E-03,-3.09088669E+00,-3.07706418E+00
+93.91000E-03,-3.09125257E+00,-3.07658604E+00
+93.92000E-03,-3.09095725E+00,-3.07630375E+00
+93.93000E-03,-3.09137910E+00,-3.07708987E+00
+93.94000E-03,-3.09076741E+00,-3.07726079E+00
+93.95000E-03,-3.08993710E+00,-3.07685061E+00
+93.96000E-03,-3.09071811E+00,-3.07669697E+00
+93.97000E-03,-3.09035207E+00,-3.07685902E+00
+93.98000E-03,-3.09023999E+00,-3.07642347E+00
+93.99000E-03,-3.09075318E+00,-3.07703810E+00
+94.00000E-03,-3.09113313E+00,-3.07749099E+00
+94.01000E-03,-3.09064094E+00,-3.07588509E+00
+94.02000E-03,-3.08990917E+00,-3.07620991E+00
+94.03000E-03,-3.09033810E+00,-3.07726907E+00
+94.04000E-03,-3.09099216E+00,-3.07720080E+00
+94.05000E-03,-3.09042961E+00,-3.07744854E+00
+94.06000E-03,-3.09063385E+00,-3.07681618E+00
+94.07000E-03,-3.09052129E+00,-3.07703862E+00
+94.08000E-03,-3.09135820E+00,-3.07816638E+00
+94.09000E-03,-3.09045083E+00,-3.07717471E+00
+94.10000E-03,-3.09071097E+00,-3.07761906E+00
+94.11000E-03,-3.09034508E+00,-3.07738039E+00
+94.12000E-03,-3.09061962E+00,-3.07745701E+00
+94.13000E-03,-3.09059148E+00,-3.07749131E+00
+94.14000E-03,-3.09025373E+00,-3.07744012E+00
+94.15000E-03,-3.09018344E+00,-3.07706385E+00
+94.16000E-03,-3.08997942E+00,-3.07832009E+00
+94.17000E-03,-3.09030303E+00,-3.07797831E+00
+94.18000E-03,-3.09052086E+00,-3.07792647E+00
+94.19000E-03,,
