tau,tk_1,tk_2,t0_1,t0_2,tk,t0,tk-t0
1.22566,12.5,12.5,21.0,21.0,12.5,21.0,-8.5
3.23,12.5,12.5,21.0,21.0,12.5,21.0,-8.5
5.23423,12.5,12.5,21.0,21.0,12.5,21.0,-8.5
7.2398,12.5,12.5,21.1,21.1,12.5,21.1,-8.600000000000001
9.24261,12.6,12.5,21.1,21.1,12.55,21.1,-8.55
11.2557,12.6,12.5,21.1,21.0,12.55,21.05,-8.5
13.2605,12.6,12.6,21.0,21.0,12.6,21.0,-8.4
15.2674,12.6,12.6,21.0,21.0,12.6,21.0,-8.4
17.2727,12.7,12.6,21.0,21.0,12.649999999999999,21.0,-8.350000000000001
19.2765,12.7,12.7,21.0,21.0,12.7,21.0,-8.3
21.2792,12.7,12.7,21.0,21.0,12.7,21.0,-8.3
23.2823,12.8,12.7,21.0,21.0,12.75,21.0,-8.25
25.2885,12.8,12.8,20.9,20.9,12.8,20.9,-8.099999999999998
27.2931,12.8,12.8,20.9,20.9,12.8,20.9,-8.099999999999998
29.2978,12.9,12.8,20.9,20.9,12.850000000000001,20.9,-8.049999999999997
31.3041,12.9,12.9,20.9,20.9,12.9,20.9,-7.999999999999998
33.3098,12.9,12.9,20.9,20.9,12.9,20.9,-7.999999999999998
35.3164,13.0,12.9,20.9,20.9,12.95,20.9,-7.949999999999999
37.3216,13.0,13.0,20.9,20.9,13.0,20.9,-7.899999999999999
39.3256,13.0,13.0,20.9,20.9,13.0,20.9,-7.899999999999999
41.3282,13.1,13.0,20.9,20.9,13.05,20.9,-7.849999999999998
43.3323,13.1,13.1,20.9,20.9,13.1,20.9,-7.799999999999999
45.3384,13.1,13.1,20.9,20.9,13.1,20.9,-7.799999999999999
47.3411,13.2,13.1,20.9,20.9,13.149999999999999,20.9,-7.75
49.3456,13.2,13.1,20.9,20.9,13.149999999999999,20.9,-7.75
51.3494,13.2,13.2,20.9,20.9,13.2,20.9,-7.699999999999999
53.3549,13.3,13.2,20.9,20.9,13.25,20.9,-7.649999999999999
55.36,13.3,13.2,20.8,20.8,13.25,20.8,-7.550000000000001
57.3645,13.3,13.3,20.8,20.8,13.3,20.8,-7.5
59.3704,13.4,13.3,20.8,20.8,13.350000000000001,20.8,-7.449999999999999
61.375,13.4,13.3,20.8,20.8,13.350000000000001,20.8,-7.449999999999999
63.3797,13.4,13.4,20.8,20.8,13.4,20.8,-7.4
65.3848,13.5,13.4,20.8,20.8,13.45,20.8,-7.350000000000001
67.39,13.5,13.4,20.8,20.8,13.45,20.8,-7.350000000000001
69.3953,13.5,13.5,20.8,20.8,13.5,20.8,-7.300000000000001
71.4005,13.5,13.5,20.8,20.8,13.5,20.8,-7.300000000000001
73.4051,13.6,13.5,20.8,20.8,13.55,20.8,-7.25
75.4096,13.6,13.6,20.8,20.8,13.6,20.8,-7.200000000000001
77.4163,13.6,13.6,20.8,20.8,13.6,20.8,-7.200000000000001
79.4193,13.7,13.6,20.8,20.8,13.649999999999999,20.8,-7.150000000000002
81.4266,13.7,13.6,20.8,20.8,13.649999999999999,20.8,-7.150000000000002
83.4316,13.7,13.7,20.8,20.8,13.7,20.8,-7.100000000000001
85.4358,13.8,13.7,20.8,20.8,13.75,20.8,-7.050000000000001
87.4397,13.8,13.7,20.8,20.8,13.75,20.8,-7.050000000000001
89.4438,13.8,13.8,20.8,20.7,13.8,20.75,-6.949999999999999
91.4515,13.8,13.8,20.7,20.7,13.8,20.7,-6.899999999999999
93.4559,13.9,13.8,20.7,20.7,13.850000000000001,20.7,-6.849999999999998
95.4583,13.9,13.9,20.7,20.7,13.9,20.7,-6.799999999999999
97.4641,13.9,13.9,20.7,20.7,13.9,20.7,-6.799999999999999
99.4684,14.0,13.9,20.7,20.7,13.95,20.7,-6.75
101.473,14.0,14.0,20.7,20.7,14.0,20.7,-6.699999999999999
103.478,14.0,14.0,20.7,20.7,14.0,20.7,-6.699999999999999
105.485,14.1,14.0,20.7,20.7,14.05,20.7,-6.649999999999999
107.489,14.1,14.0,20.7,20.7,14.05,20.7,-6.649999999999999
109.494,14.1,14.1,20.7,20.7,14.1,20.7,-6.6
111.5,14.2,14.1,20.7,20.7,14.149999999999999,20.7,-6.550000000000001
113.506,14.2,14.1,20.8,20.7,14.149999999999999,20.75,-6.600000000000001
115.51,14.2,14.2,20.8,20.7,14.2,20.75,-6.550000000000001
117.514,14.2,14.2,20.7,20.7,14.2,20.7,-6.5
119.517,14.3,14.2,20.7,20.7,14.25,20.7,-6.449999999999999
121.521,14.3,14.3,20.7,20.7,14.3,20.7,-6.399999999999999
123.527,14.3,14.3,20.7,20.7,14.3,20.7,-6.399999999999999
125.534,14.4,14.3,20.7,20.7,14.350000000000001,20.7,-6.349999999999998
127.538,14.4,14.3,20.7,20.7,14.350000000000001,20.7,-6.349999999999998
129.541,14.4,14.4,20.7,20.7,14.4,20.7,-6.299999999999999
131.544,14.5,14.4,20.7,20.7,14.45,20.7,-6.25
133.552,14.5,14.4,20.7,20.7,14.45,20.7,-6.25
135.556,14.5,14.5,20.7,20.7,14.5,20.7,-6.199999999999999
137.562,14.5,14.5,20.7,20.7,14.5,20.7,-6.199999999999999
139.565,14.6,14.5,20.7,20.7,14.55,20.7,-6.149999999999999
141.569,14.6,14.6,20.7,20.7,14.6,20.7,-6.1
143.574,14.6,14.6,20.7,20.7,14.6,20.7,-6.1
145.581,14.7,14.6,20.7,20.7,14.649999999999999,20.7,-6.050000000000001
147.585,14.7,14.6,20.6,20.6,14.649999999999999,20.6,-5.950000000000003
149.591,14.7,14.7,20.6,20.6,14.7,20.6,-5.900000000000002
151.595,14.8,14.7,20.6,20.6,14.75,20.6,-5.850000000000001
153.599,14.8,14.7,20.6,20.6,14.75,20.6,-5.850000000000001
155.605,14.8,14.8,20.6,20.6,14.8,20.6,-5.800000000000001
157.611,14.8,14.8,20.6,20.6,14.8,20.6,-5.800000000000001
159.615,14.9,14.8,20.6,20.6,14.850000000000001,20.6,-5.75
161.619,14.9,14.9,20.6,20.6,14.9,20.6,-5.700000000000001
163.624,14.9,14.9,20.6,20.6,14.9,20.6,-5.700000000000001
165.63,15.0,14.9,20.6,20.5,14.95,20.55,-5.600000000000001
167.633,15.0,14.9,20.5,20.5,14.95,20.5,-5.550000000000001
169.639,15.0,15.0,20.5,20.5,15.0,20.5,-5.5
171.641,15.0,15.0,20.5,20.5,15.0,20.5,-5.5
173.645,15.1,15.0,20.5,20.5,15.05,20.5,-5.449999999999999
175.651,15.1,15.1,20.5,20.5,15.1,20.5,-5.4
177.656,15.1,15.1,20.5,20.5,15.1,20.5,-5.4
179.659,15.2,15.1,20.5,20.5,15.149999999999999,20.5,-5.350000000000001
181.663,15.2,15.1,20.5,20.5,15.149999999999999,20.5,-5.350000000000001
183.669,15.2,15.2,20.5,20.5,15.2,20.5,-5.300000000000001
185.674,15.3,15.2,20.5,20.5,15.25,20.5,-5.25
187.68,15.3,15.2,20.5,20.5,15.25,20.5,-5.25
189.684,15.3,15.3,20.5,20.5,15.3,20.5,-5.199999999999999
191.69,15.3,15.3,20.5,20.5,15.3,20.5,-5.199999999999999
193.699,15.4,15.3,20.5,20.5,15.350000000000001,20.5,-5.149999999999999
195.702,15.4,15.3,20.5,20.5,15.350000000000001,20.5,-5.149999999999999
197.706,15.4,15.4,20.5,20.5,15.4,20.5,-5.1
199.71,15.5,15.4,20.5,20.4,15.45,20.45,-5.0
201.714,15.5,15.4,20.4,20.4,15.45,20.4,-4.949999999999999
203.72,15.5,15.5,20.4,20.4,15.5,20.4,-4.899999999999999
205.723,15.5,15.5,20.4,20.4,15.5,20.4,-4.899999999999999
207.73,15.6,15.5,20.4,20.4,15.55,20.4,-4.849999999999998
209.733,15.6,15.5,20.4,20.4,15.55,20.4,-4.849999999999998
211.74,15.6,15.6,20.4,20.4,15.6,20.4,-4.799999999999999
213.746,15.7,15.6,20.4,20.4,15.649999999999999,20.4,-4.75
215.75,15.7,15.6,20.4,20.4,15.649999999999999,20.4,-4.75
217.755,15.7,15.7,20.4,20.4,15.7,20.4,-4.699999999999999
219.761,15.7,15.7,20.4,20.4,15.7,20.4,-4.699999999999999
221.765,15.8,15.7,20.4,20.4,15.75,20.4,-4.649999999999999
223.769,15.8,15.8,20.4,20.4,15.8,20.4,-4.599999999999998
225.773,15.8,15.8,20.4,20.4,15.8,20.4,-4.599999999999998
227.779,15.9,15.8,20.4,20.4,15.850000000000001,20.4,-4.549999999999997
229.784,15.9,15.8,20.4,20.4,15.850000000000001,20.4,-4.549999999999997
231.789,15.9,15.9,20.4,20.4,15.9,20.4,-4.499999999999998
233.792,15.9,15.9,20.4,20.4,15.9,20.4,-4.499999999999998
235.798,16.0,15.9,20.4,20.4,15.95,20.4,-4.449999999999999
237.804,16.0,16.0,20.4,20.4,16.0,20.4,-4.399999999999999
239.809,16.0,16.0,20.4,20.4,16.0,20.4,-4.399999999999999
241.814,16.1,16.0,20.4,20.4,16.05,20.4,-4.349999999999998
243.819,16.1,16.0,20.4,20.4,16.05,20.4,-4.349999999999998
245.823,16.1,16.1,20.4,20.4,16.1,20.4,-4.299999999999997
247.829,16.1,16.1,20.4,20.4,16.1,20.4,-4.299999999999997
249.836,16.2,16.1,20.4,20.4,16.15,20.4,-4.25
251.84,16.2,16.2,20.4,20.4,16.2,20.4,-4.199999999999999
253.845,16.2,16.2,20.4,20.4,16.2,20.4,-4.199999999999999
255.851,16.3,16.2,20.4,20.4,16.25,20.4,-4.149999999999999
257.857,16.3,16.2,20.4,20.4,16.25,20.4,-4.149999999999999
259.86,16.3,16.3,20.4,20.4,16.3,20.4,-4.099999999999998
261.865,16.3,16.3,20.4,20.4,16.3,20.4,-4.099999999999998
263.87,16.4,16.3,20.4,20.4,16.35,20.4,-4.049999999999997
265.874,16.4,16.3,20.4,20.4,16.35,20.4,-4.049999999999997
267.879,16.4,16.4,20.4,20.4,16.4,20.4,-4.0
269.882,16.5,16.4,20.4,20.4,16.45,20.4,-3.9499999999999993
271.888,16.5,16.4,20.4,20.4,16.45,20.4,-3.9499999999999993
273.894,16.5,16.5,20.4,20.4,16.5,20.4,-3.8999999999999986
275.898,16.5,16.5,20.4,20.4,16.5,20.4,-3.8999999999999986
277.902,16.6,16.5,20.4,20.4,16.55,20.4,-3.849999999999998
279.907,16.6,16.5,20.4,20.4,16.55,20.4,-3.849999999999998
281.914,16.6,16.6,20.4,20.4,16.6,20.4,-3.799999999999997
283.918,16.7,16.6,20.4,20.4,16.65,20.4,-3.75
285.924,16.7,16.6,20.4,20.4,16.65,20.4,-3.75
287.929,16.7,16.7,20.4,20.4,16.7,20.4,-3.6999999999999993
289.934,16.7,16.7,20.4,20.4,16.7,20.4,-3.6999999999999993
291.939,16.8,16.7,20.4,20.4,16.75,20.4,-3.6499999999999986
293.944,16.8,16.7,20.4,20.4,16.75,20.4,-3.6499999999999986
295.949,16.8,16.8,20.4,20.4,16.8,20.4,-3.599999999999998
297.955,16.8,16.8,20.4,20.3,16.8,20.35,-3.5500000000000007
299.959,16.9,16.8,20.4,20.3,16.85,20.35,-3.5
301.966,16.9,16.9,20.4,20.3,16.9,20.35,-3.450000000000003
303.97,16.9,16.9,20.4,20.3,16.9,20.35,-3.450000000000003
305.975,17.0,16.9,20.4,20.3,16.95,20.35,-3.400000000000002
307.981,17.0,16.9,20.4,20.3,16.95,20.35,-3.400000000000002
309.985,17.0,17.0,20.4,20.3,17.0,20.35,-3.3500000000000014
311.989,17.0,17.0,20.4,20.3,17.0,20.35,-3.3500000000000014
313.994,17.1,17.0,20.4,20.3,17.05,20.35,-3.3000000000000007
315.998,17.1,17.0,20.4,20.3,17.05,20.35,-3.3000000000000007
318.003,17.1,17.1,20.4,20.3,17.1,20.35,-3.25
320.006,17.2,17.1,20.4,20.3,17.15,20.35,-3.200000000000003
322.01,17.2,17.1,20.4,20.3,17.15,20.35,-3.200000000000003
324.017,17.2,17.2,20.4,20.3,17.2,20.35,-3.150000000000002
326.022,17.2,17.2,20.4,20.3,17.2,20.35,-3.150000000000002
328.027,17.3,17.2,20.4,20.3,17.25,20.35,-3.1000000000000014
330.032,17.3,17.2,20.4,20.3,17.25,20.35,-3.1000000000000014
332.037,17.3,17.3,20.4,20.3,17.3,20.35,-3.0500000000000007
334.042,17.4,17.3,20.4,20.3,17.35,20.35,-3.0
336.047,17.4,17.3,20.4,20.3,17.35,20.35,-3.0
338.051,17.4,17.4,20.4,20.3,17.4,20.35,-2.950000000000003
340.056,17.4,17.4,20.4,20.3,17.4,20.35,-2.950000000000003
342.059,17.5,17.4,20.4,20.3,17.45,20.35,-2.900000000000002
344.066,17.5,17.4,20.4,20.3,17.45,20.35,-2.900000000000002
346.071,17.5,17.5,20.4,20.3,17.5,20.35,-2.8500000000000014
348.074,17.5,17.5,20.4,20.3,17.5,20.35,-2.8500000000000014
350.078,17.6,17.5,20.4,20.3,17.55,20.35,-2.8000000000000007
352.083,17.6,17.5,20.4,20.3,17.55,20.35,-2.8000000000000007
354.088,17.6,17.6,20.4,20.3,17.6,20.35,-2.75
356.094,17.7,17.6,20.4,20.3,17.65,20.35,-2.700000000000003
358.098,17.7,17.6,20.4,20.3,17.65,20.35,-2.700000000000003
360.102,17.7,17.7,20.4,20.3,17.7,20.35,-2.650000000000002
362.107,17.7,17.7,20.4,20.3,17.7,20.35,-2.650000000000002
364.112,17.8,17.7,20.3,20.3,17.75,20.3,-2.5500000000000007
366.116,17.8,17.7,20.3,20.3,17.75,20.3,-2.5500000000000007
368.12,17.8,17.8,20.3,20.3,17.8,20.3,-2.5
370.122,17.8,17.8,20.3,20.3,17.8,20.3,-2.5
372.126,17.9,17.8,20.3,20.3,17.85,20.3,-2.4499999999999993
374.131,17.9,17.9,20.3,20.3,17.9,20.3,-2.400000000000002
376.135,17.9,17.9,20.3,20.3,17.9,20.3,-2.400000000000002
378.14,18.0,17.9,20.3,20.3,17.95,20.3,-2.3500000000000014
380.146,18.0,17.9,20.3,20.3,17.95,20.3,-2.3500000000000014
382.15,18.0,18.0,20.3,20.3,18.0,20.3,-2.3000000000000007
384.155,18.0,18.0,20.3,20.3,18.0,20.3,-2.3000000000000007
386.16,18.1,18.0,20.3,20.3,18.05,20.3,-2.25
388.163,18.1,18.0,20.3,20.3,18.05,20.3,-2.25
390.169,18.1,18.1,20.3,20.3,18.1,20.3,-2.1999999999999993
392.172,18.1,18.1,20.3,20.3,18.1,20.3,-2.1999999999999993
394.175,18.2,18.1,20.3,20.3,18.15,20.3,-2.150000000000002
396.181,18.2,18.1,20.3,20.3,18.15,20.3,-2.150000000000002
398.187,18.2,18.2,20.3,20.2,18.2,20.25,-2.0500000000000007
400.192,18.3,18.2,20.3,20.2,18.25,20.25,-2.0
402.198,18.3,18.2,20.3,20.2,18.25,20.25,-2.0
404.202,18.3,18.3,20.3,20.2,18.3,20.25,-1.9499999999999993
406.206,18.3,18.3,20.3,20.2,18.3,20.25,-1.9499999999999993
408.212,18.4,18.3,20.3,20.2,18.35,20.25,-1.8999999999999986
410.215,18.4,18.3,20.3,20.2,18.35,20.25,-1.8999999999999986
412.221,18.4,18.4,20.3,20.2,18.4,20.25,-1.8500000000000014
414.225,18.4,18.4,20.3,20.2,18.4,20.25,-1.8500000000000014
416.229,18.5,18.4,20.3,20.2,18.45,20.25,-1.8000000000000007
418.234,18.5,18.5,20.3,20.2,18.5,20.25,-1.75
420.239,18.5,18.5,20.3,20.2,18.5,20.25,-1.75
422.243,18.6,18.5,20.3,20.2,18.55,20.25,-1.6999999999999993
424.249,18.6,18.5,20.3,20.2,18.55,20.25,-1.6999999999999993
426.254,18.6,18.6,20.3,20.2,18.6,20.25,-1.6499999999999986
428.259,18.6,18.6,20.3,20.2,18.6,20.25,-1.6499999999999986
430.262,18.7,18.6,20.3,20.2,18.65,20.25,-1.6000000000000014
432.266,18.7,18.6,20.3,20.2,18.65,20.25,-1.6000000000000014
434.271,18.7,18.7,20.3,20.2,18.7,20.25,-1.5500000000000007
436.274,18.7,18.7,20.2,20.2,18.7,20.2,-1.5
438.28,18.8,18.7,20.2,20.2,18.75,20.2,-1.4499999999999993
440.286,18.8,18.7,20.2,20.2,18.75,20.2,-1.4499999999999993
442.292,18.8,18.8,20.2,20.2,18.8,20.2,-1.3999999999999986
444.297,18.9,18.8,20.2,20.2,18.85,20.2,-1.3499999999999979
446.3,18.9,18.8,20.2,20.2,18.85,20.2,-1.3499999999999979
448.304,18.9,18.9,20.2,20.2,18.9,20.2,-1.3000000000000007
450.31,18.9,18.9,20.2,20.2,18.9,20.2,-1.3000000000000007
452.315,19.0,18.9,20.2,20.2,18.95,20.2,-1.25
454.318,19.0,18.9,20.2,20.2,18.95,20.2,-1.25
456.322,19.0,19.0,20.2,20.2,19.0,20.2,-1.1999999999999993
458.327,19.0,19.0,20.2,20.2,19.0,20.2,-1.1999999999999993
460.331,19.1,19.0,20.2,20.2,19.05,20.2,-1.1499999999999986
462.336,19.1,19.0,20.2,20.2,19.05,20.2,-1.1499999999999986
464.34,19.1,19.1,20.2,20.2,19.1,20.2,-1.0999999999999979
466.345,19.1,19.1,20.2,20.2,19.1,20.2,-1.0999999999999979
468.348,19.2,19.1,20.2,20.2,19.15,20.2,-1.0500000000000007
470.352,19.2,19.2,20.2,20.2,19.2,20.2,-1.0
472.358,19.2,19.2,20.2,20.2,19.2,20.2,-1.0
474.362,19.3,19.2,20.2,20.2,19.25,20.2,-0.9499999999999993
476.368,19.3,19.2,20.2,20.2,19.25,20.2,-0.9499999999999993
478.372,19.3,19.3,20.2,20.2,19.3,20.2,-0.8999999999999986
480.379,19.3,19.3,20.2,20.2,19.3,20.2,-0.8999999999999986
482.382,19.4,19.3,20.2,20.2,19.35,20.2,-0.8499999999999979
484.388,19.4,19.3,20.2,20.2,19.35,20.2,-0.8499999999999979
486.394,19.4,19.4,20.2,20.2,19.4,20.2,-0.8000000000000007
488.401,19.4,19.4,20.2,20.2,19.4,20.2,-0.8000000000000007
490.406,19.5,19.4,20.2,20.2,19.45,20.2,-0.75
492.41,19.5,19.4,20.2,20.2,19.45,20.2,-0.75
494.415,19.5,19.5,20.2,20.2,19.5,20.2,-0.6999999999999993
496.418,19.5,19.5,20.2,20.2,19.5,20.2,-0.6999999999999993
498.421,19.6,19.5,20.2,20.2,19.55,20.2,-0.6499999999999986
500.426,19.6,19.6,20.2,20.2,19.6,20.2,-0.5999999999999979
502.43,19.6,19.6,20.2,20.2,19.6,20.2,-0.5999999999999979
504.435,19.7,19.6,20.2,20.2,19.65,20.2,-0.5500000000000007
506.437,19.7,19.6,20.2,20.2,19.65,20.2,-0.5500000000000007
508.441,19.7,19.7,20.2,20.2,19.7,20.2,-0.5
510.446,19.7,19.7,20.2,20.2,19.7,20.2,-0.5
512.451,19.8,19.7,20.2,20.2,19.75,20.2,-0.4499999999999993
514.457,19.8,19.7,20.2,20.2,19.75,20.2,-0.4499999999999993
516.46,19.8,19.8,20.2,20.2,19.8,20.2,-0.3999999999999986
518.465,19.8,19.8,20.2,20.2,19.8,20.2,-0.3999999999999986
520.469,19.9,19.8,20.2,20.2,19.85,20.2,-0.34999999999999787
522.475,19.9,19.8,20.2,20.2,19.85,20.2,-0.34999999999999787
524.48,19.9,19.9,20.2,20.2,19.9,20.2,-0.3000000000000007
526.486,19.9,19.9,20.2,20.2,19.9,20.2,-0.3000000000000007
528.49,20.0,19.9,20.2,20.2,19.95,20.2,-0.25
530.495,20.0,19.9,20.2,20.2,19.95,20.2,-0.25
532.499,20.0,20.0,20.2,20.2,20.0,20.2,-0.1999999999999993
534.504,20.1,20.0,20.2,20.2,20.05,20.2,-0.14999999999999858
536.51,20.1,20.0,20.2,20.2,20.05,20.2,-0.14999999999999858
538.513,20.1,20.1,20.2,20.2,20.1,20.2,-0.09999999999999787
540.517,20.1,20.1,20.2,20.2,20.1,20.2,-0.09999999999999787
542.521,20.2,20.1,20.2,20.2,20.15,20.2,-0.05000000000000071
544.525,20.2,20.1,20.2,20.1,20.15,20.15,0.0
546.529,20.2,20.2,20.2,20.1,20.2,20.15,0.05000000000000071
548.534,20.2,20.2,20.1,20.1,20.2,20.1,0.09999999999999787
550.538,20.3,20.2,20.1,20.1,20.25,20.1,0.14999999999999858
552.544,20.3,20.2,20.1,20.1,20.25,20.1,0.14999999999999858
554.548,20.3,20.3,20.1,20.1,20.3,20.1,0.1999999999999993
556.553,20.3,20.3,20.1,20.1,20.3,20.1,0.1999999999999993
558.559,20.4,20.3,20.1,20.1,20.35,20.1,0.25
560.565,20.4,20.3,20.1,20.1,20.35,20.1,0.25
562.569,20.4,20.4,20.1,20.1,20.4,20.1,0.29999999999999716
564.573,20.4,20.4,20.1,20.1,20.4,20.1,0.29999999999999716
566.578,20.5,20.4,20.1,20.1,20.45,20.1,0.34999999999999787
568.586,20.5,20.5,20.1,20.1,20.5,20.1,0.3999999999999986
570.591,20.5,20.5,20.1,20.1,20.5,20.1,0.3999999999999986
572.596,20.6,20.5,20.1,20.1,20.55,20.1,0.4499999999999993
574.6,20.6,20.5,20.1,20.1,20.55,20.1,0.4499999999999993
576.605,20.6,20.6,20.1,20.1,20.6,20.1,0.5
578.61,20.6,20.6,20.1,20.1,20.6,20.1,0.5
580.613,20.7,20.6,20.1,20.1,20.65,20.1,0.5499999999999972
582.617,20.7,20.6,20.1,20.1,20.65,20.1,0.5499999999999972
584.622,20.7,20.7,20.1,20.1,20.7,20.1,0.5999999999999979
586.625,20.7,20.7,20.1,20.1,20.7,20.1,0.5999999999999979
588.63,20.8,20.7,20.1,20.1,20.75,20.1,0.6499999999999986
590.635,20.8,20.7,20.1,20.1,20.75,20.1,0.6499999999999986
592.638,20.8,20.8,20.1,20.1,20.8,20.1,0.6999999999999993
594.644,20.8,20.8,20.1,20.1,20.8,20.1,0.6999999999999993
596.648,20.9,20.8,20.1,20.1,20.85,20.1,0.75
598.653,20.9,20.8,20.1,20.1,20.85,20.1,0.75
600.657,20.9,20.9,20.1,20.1,20.9,20.1,0.7999999999999972
602.662,20.9,20.9,20.1,20.1,20.9,20.1,0.7999999999999972
604.667,21.0,20.9,20.1,20.1,20.95,20.1,0.8499999999999979
606.673,21.0,20.9,20.1,20.1,20.95,20.1,0.8499999999999979
608.677,21.0,21.0,20.1,20.1,21.0,20.1,0.8999999999999986
610.681,21.0,21.0,20.1,20.1,21.0,20.1,0.8999999999999986
612.684,21.1,21.0,20.1,20.1,21.05,20.1,0.9499999999999993
614.689,21.1,21.0,20.1,20.1,21.05,20.1,0.9499999999999993
616.695,21.1,21.1,20.1,20.1,21.1,20.1,1.0
618.699,21.2,21.1,20.1,20.1,21.15,20.1,1.0499999999999972
620.703,21.2,21.1,20.1,20.1,21.15,20.1,1.0499999999999972
622.707,21.2,21.2,20.1,20.1,21.2,20.1,1.0999999999999979
624.714,21.2,21.2,20.1,20.1,21.2,20.1,1.0999999999999979
626.717,21.3,21.2,20.1,20.1,21.25,20.1,1.1499999999999986
628.723,21.3,21.2,20.1,20.1,21.25,20.1,1.1499999999999986
630.727,21.3,21.3,20.1,20.1,21.3,20.1,1.1999999999999993
632.732,21.3,21.3,20.1,20.1,21.3,20.1,1.1999999999999993
634.737,21.4,21.3,20.1,20.1,21.35,20.1,1.25
636.741,21.4,21.3,20.1,20.1,21.35,20.1,1.25
638.745,21.4,21.4,20.1,20.1,21.4,20.1,1.2999999999999972
640.751,21.4,21.4,20.1,20.1,21.4,20.1,1.2999999999999972
642.755,21.5,21.4,20.1,20.1,21.45,20.1,1.3499999999999979
644.759,21.5,21.4,20.1,20.1,21.45,20.1,1.3499999999999979
646.763,21.5,21.5,20.1,20.1,21.5,20.1,1.3999999999999986
648.768,21.5,21.5,20.1,20.1,21.5,20.1,1.3999999999999986
650.773,21.6,21.5,20.1,20.1,21.55,20.1,1.4499999999999993
652.779,21.6,21.5,20.1,20.1,21.55,20.1,1.4499999999999993
654.783,21.6,21.6,20.1,20.1,21.6,20.1,1.5
656.787,21.6,21.6,20.1,20.1,21.6,20.1,1.5
658.793,21.7,21.6,20.1,20.1,21.65,20.1,1.5499999999999972
660.799,21.7,21.6,20.1,20.1,21.65,20.1,1.5499999999999972
662.802,21.7,21.7,20.1,20.1,21.7,20.1,1.5999999999999979
664.805,21.7,21.7,20.1,20.1,21.7,20.1,1.5999999999999979
666.812,21.8,21.7,20.1,20.1,21.75,20.1,1.6499999999999986
668.817,21.8,21.7,20.2,20.1,21.75,20.15,1.6000000000000014
670.821,21.8,21.8,20.2,20.2,21.8,20.2,1.6000000000000014
672.825,21.8,21.8,20.2,20.2,21.8,20.2,1.6000000000000014
674.832,21.9,21.8,20.2,20.2,21.85,20.2,1.6500000000000021
676.837,21.9,21.8,20.2,20.2,21.85,20.2,1.6500000000000021
678.841,21.9,21.9,20.2,20.2,21.9,20.2,1.6999999999999993
680.847,21.9,21.9,20.2,20.2,21.9,20.2,1.6999999999999993
682.852,22.0,21.9,20.2,20.2,21.95,20.2,1.75
684.857,22.0,22.0,20.3,20.2,22.0,20.25,1.75
686.862,22.0,22.0,20.3,20.3,22.0,20.3,1.6999999999999993
688.867,22.1,22.0,20.3,20.3,22.05,20.3,1.75
690.873,22.1,22.0,20.3,20.3,22.05,20.3,1.75
692.879,22.1,22.1,20.3,20.3,22.1,20.3,1.8000000000000007
694.884,22.1,22.1,20.3,20.3,22.1,20.3,1.8000000000000007
696.889,22.2,22.1,20.3,20.3,22.15,20.3,1.8499999999999979
698.893,22.2,22.1,20.3,20.3,22.15,20.3,1.8499999999999979
700.897,22.2,22.2,20.3,20.3,22.2,20.3,1.8999999999999986
702.902,22.2,22.2,20.3,20.3,22.2,20.3,1.8999999999999986
704.908,22.3,22.2,20.3,20.3,22.25,20.3,1.9499999999999993
706.913,22.3,22.2,20.3,20.3,22.25,20.3,1.9499999999999993
708.916,22.3,22.3,20.3,20.3,22.3,20.3,2.0
710.92,22.3,22.3,20.3,20.3,22.3,20.3,2.0
712.924,22.4,22.3,20.3,20.3,22.35,20.3,2.0500000000000007
714.928,22.4,22.3,20.3,20.3,22.35,20.3,2.0500000000000007
716.931,22.4,22.4,20.3,20.3,22.4,20.3,2.099999999999998
718.935,22.4,22.4,20.3,20.3,22.4,20.3,2.099999999999998
720.939,22.5,22.4,20.3,20.3,22.45,20.3,2.1499999999999986
722.943,22.5,22.4,20.3,20.3,22.45,20.3,2.1499999999999986
724.947,22.5,22.5,20.3,20.3,22.5,20.3,2.1999999999999993
726.95,22.5,22.5,20.3,20.3,22.5,20.3,2.1999999999999993
728.955,22.6,22.5,20.3,20.3,22.55,20.3,2.25
730.961,22.6,22.5,20.3,20.3,22.55,20.3,2.25
732.967,22.6,22.6,20.3,20.3,22.6,20.3,2.3000000000000007
734.972,22.6,22.6,20.3,20.3,22.6,20.3,2.3000000000000007
736.977,22.7,22.6,20.3,20.3,22.65,20.3,2.349999999999998
738.983,22.7,22.6,20.3,20.3,22.65,20.3,2.349999999999998
740.989,22.7,22.7,20.3,20.3,22.7,20.3,2.3999999999999986
742.995,22.7,22.7,20.3,20.3,22.7,20.3,2.3999999999999986
745.001,22.8,22.7,20.3,20.3,22.75,20.3,2.4499999999999993
747.006,22.8,22.7,20.3,20.3,22.75,20.3,2.4499999999999993
749.01,22.8,22.8,20.3,20.3,22.8,20.3,2.5
751.014,22.8,22.8,20.3,20.3,22.8,20.3,2.5
753.018,22.9,22.8,20.3,20.3,22.85,20.3,2.5500000000000007
755.024,22.9,22.8,20.3,20.3,22.85,20.3,2.5500000000000007
757.028,22.9,22.9,20.3,20.3,22.9,20.3,2.599999999999998
759.032,22.9,22.9,20.3,20.3,22.9,20.3,2.599999999999998
761.036,23.0,22.9,20.2,20.3,22.95,20.25,2.6999999999999993
763.041,23.0,22.9,20.2,20.3,22.95,20.25,2.6999999999999993
765.046,23.0,23.0,20.2,20.3,23.0,20.25,2.75
767.051,23.0,23.0,20.2,20.2,23.0,20.2,2.8000000000000007
769.055,23.1,23.0,20.2,20.2,23.05,20.2,2.8500000000000014
771.058,23.1,23.0,20.2,20.2,23.05,20.2,2.8500000000000014
773.061,23.1,23.1,20.2,20.2,23.1,20.2,2.900000000000002
775.066,23.1,23.1,20.2,20.2,23.1,20.2,2.900000000000002
777.071,23.2,23.1,20.2,20.2,23.15,20.2,2.9499999999999993
779.076,23.2,23.1,20.2,20.2,23.15,20.2,2.9499999999999993
781.079,23.2,23.2,20.2,20.2,23.2,20.2,3.0
783.085,23.2,23.2,20.2,20.2,23.2,20.2,3.0
785.09,23.3,23.2,20.2,20.2,23.25,20.2,3.0500000000000007
787.095,23.3,23.2,20.2,20.2,23.25,20.2,3.0500000000000007
789.1,23.3,23.3,20.2,20.2,23.3,20.2,3.1000000000000014
791.104,23.3,23.3,20.2,20.2,23.3,20.2,3.1000000000000014
793.108,23.4,23.3,20.2,20.2,23.35,20.2,3.150000000000002
795.112,23.4,23.3,20.2,20.2,23.35,20.2,3.150000000000002
797.117,23.4,23.4,20.2,20.2,23.4,20.2,3.1999999999999993
799.12,23.4,23.4,20.2,20.2,23.4,20.2,3.1999999999999993
801.125,23.5,23.4,20.2,20.2,23.45,20.2,3.25
803.13,23.5,23.4,20.2,20.2,23.45,20.2,3.25
805.135,23.5,23.5,20.2,20.2,23.5,20.2,3.3000000000000007
807.14,23.5,23.5,20.2,20.2,23.5,20.2,3.3000000000000007
809.145,23.6,23.5,20.2,20.2,23.55,20.2,3.3500000000000014
811.149,23.6,23.5,20.2,20.2,23.55,20.2,3.3500000000000014
813.154,23.6,23.6,20.2,20.2,23.6,20.2,3.400000000000002
815.159,23.6,23.6,20.2,20.2,23.6,20.2,3.400000000000002
817.164,23.7,23.6,20.2,20.2,23.65,20.2,3.4499999999999993
819.168,23.7,23.6,20.2,20.2,23.65,20.2,3.4499999999999993
821.176,23.7,23.7,20.2,20.2,23.7,20.2,3.5
823.179,23.7,23.7,20.2,20.2,23.7,20.2,3.5
825.186,23.8,23.7,20.2,20.2,23.75,20.2,3.5500000000000007
827.189,23.8,23.7,20.2,20.2,23.75,20.2,3.5500000000000007
829.195,23.8,23.8,20.2,20.2,23.8,20.2,3.6000000000000014
831.199,23.8,23.8,20.2,20.2,23.8,20.2,3.6000000000000014
833.205,23.9,23.8,20.2,20.2,23.85,20.2,3.650000000000002
835.208,23.9,23.8,20.2,20.2,23.85,20.2,3.650000000000002
837.213,23.9,23.9,20.2,20.2,23.9,20.2,3.6999999999999993
839.219,23.9,23.9,20.2,20.2,23.9,20.2,3.6999999999999993
841.224,24.0,23.9,20.2,20.2,23.95,20.2,3.75
843.229,24.0,23.9,20.2,20.2,23.95,20.2,3.75
845.235,24.0,24.0,20.2,20.2,24.0,20.2,3.8000000000000007
847.238,24.0,24.0,20.2,20.2,24.0,20.2,3.8000000000000007
849.243,24.1,24.0,20.2,20.2,24.05,20.2,3.8500000000000014
851.248,24.1,24.0,20.2,20.2,24.05,20.2,3.8500000000000014
853.253,24.1,24.1,20.2,20.2,24.1,20.2,3.900000000000002
855.258,24.1,24.1,20.2,20.2,24.1,20.2,3.900000000000002
857.262,24.2,24.1,20.2,20.2,24.15,20.2,3.9499999999999993
859.267,24.2,24.1,20.2,20.2,24.15,20.2,3.9499999999999993
861.272,24.2,24.2,20.2,20.2,24.2,20.2,4.0
863.277,24.2,24.2,20.2,20.2,24.2,20.2,4.0
865.282,24.3,24.2,20.2,20.2,24.25,20.2,4.050000000000001
867.286,24.3,24.2,20.2,20.2,24.25,20.2,4.050000000000001
869.292,24.3,24.3,20.2,20.2,24.3,20.2,4.100000000000001
871.297,24.3,24.3,20.2,20.2,24.3,20.2,4.100000000000001
873.302,24.4,24.3,20.2,20.2,24.35,20.2,4.150000000000002
875.306,24.4,24.3,20.2,20.2,24.35,20.2,4.150000000000002
877.311,24.4,24.4,20.2,20.2,24.4,20.2,4.199999999999999
879.315,24.4,24.4,20.2,20.2,24.4,20.2,4.199999999999999
881.319,24.5,24.4,20.2,20.2,24.45,20.2,4.25
883.324,24.5,24.4,20.2,20.2,24.45,20.2,4.25
885.328,24.5,24.5,20.2,20.2,24.5,20.2,4.300000000000001
887.332,24.5,24.5,20.2,20.2,24.5,20.2,4.300000000000001
889.338,24.6,24.5,20.2,20.2,24.55,20.2,4.350000000000001
891.342,24.6,24.5,20.2,20.2,24.55,20.2,4.350000000000001
893.347,24.6,24.6,20.2,20.2,24.6,20.2,4.400000000000002
895.353,24.6,24.6,20.2,20.2,24.6,20.2,4.400000000000002
897.358,24.7,24.6,20.2,20.2,24.65,20.2,4.449999999999999
899.364,24.7,24.6,20.2,20.2,24.65,20.2,4.449999999999999
901.369,24.7,24.7,20.2,20.2,24.7,20.2,4.5
903.373,24.7,24.7,20.2,20.2,24.7,20.2,4.5
905.377,24.8,24.7,20.2,20.2,24.75,20.2,4.550000000000001
907.381,24.8,24.7,20.2,20.2,24.75,20.2,4.550000000000001
909.386,24.8,24.8,20.2,20.2,24.8,20.2,4.600000000000001
911.393,24.8,24.8,20.2,20.2,24.8,20.2,4.600000000000001
913.397,24.9,24.8,20.2,20.2,24.85,20.2,4.650000000000002
915.401,24.9,24.8,20.2,20.2,24.85,20.2,4.650000000000002
917.406,24.9,24.9,20.2,20.2,24.9,20.2,4.699999999999999
919.412,24.9,24.9,20.2,20.2,24.9,20.2,4.699999999999999
921.415,25.0,24.9,20.2,20.2,24.95,20.2,4.75
923.42,25.0,24.9,20.2,20.2,24.95,20.2,4.75
925.425,25.0,25.0,20.2,20.2,25.0,20.2,4.800000000000001
927.43,25.0,25.0,20.2,20.2,25.0,20.2,4.800000000000001
929.433,25.1,25.0,20.2,20.2,25.05,20.2,4.850000000000001
931.438,25.1,25.0,20.2,20.2,25.05,20.2,4.850000000000001
933.445,25.1,25.1,20.2,20.2,25.1,20.2,4.900000000000002
935.449,25.1,25.1,20.3,20.2,25.1,20.25,4.850000000000001
937.453,25.2,25.1,20.3,20.2,25.15,20.25,4.899999999999999
939.46,25.2,25.1,20.3,20.2,25.15,20.25,4.899999999999999
941.464,25.2,25.2,20.3,20.3,25.2,20.3,4.899999999999999
943.469,25.2,25.2,20.3,20.3,25.2,20.3,4.899999999999999
945.474,25.2,25.2,20.3,20.2,25.2,20.25,4.949999999999999
947.479,25.3,25.2,20.3,20.2,25.25,20.25,5.0
949.483,25.3,25.3,20.3,20.2,25.3,20.25,5.050000000000001
951.488,25.3,25.3,20.3,20.2,25.3,20.25,5.050000000000001
953.494,25.3,25.3,20.3,20.2,25.3,20.25,5.050000000000001
955.498,25.4,25.3,20.2,20.2,25.35,20.2,5.150000000000002
957.503,25.4,25.3,20.3,20.2,25.35,20.25,5.100000000000001
959.508,25.4,25.4,20.3,20.2,25.4,20.25,5.149999999999999
961.512,25.4,25.4,20.3,20.2,25.4,20.25,5.149999999999999
963.516,25.5,25.4,20.3,20.3,25.45,20.3,5.149999999999999
965.522,25.5,25.4,20.3,20.3,25.45,20.3,5.149999999999999
967.526,25.5,25.5,20.3,20.3,25.5,20.3,5.199999999999999
969.531,25.5,25.5,20.3,20.3,25.5,20.3,5.199999999999999
971.538,25.6,25.5,20.3,20.3,25.55,20.3,5.25
973.543,25.6,25.5,20.3,20.3,25.55,20.3,5.25
975.548,25.6,25.6,20.3,20.3,25.6,20.3,5.300000000000001
977.553,25.6,25.6,20.3,20.3,25.6,20.3,5.300000000000001
979.558,25.7,25.6,20.3,20.3,25.65,20.3,5.349999999999998
981.562,25.7,25.6,20.3,20.3,25.65,20.3,5.349999999999998
983.566,25.7,25.7,20.3,20.3,25.7,20.3,5.399999999999999
985.57,25.7,25.7,20.3,20.3,25.7,20.3,5.399999999999999
987.574,25.8,25.7,20.3,20.3,25.75,20.3,5.449999999999999
989.58,25.8,25.7,20.3,20.3,25.75,20.3,5.449999999999999
991.583,25.8,25.8,20.3,20.3,25.8,20.3,5.5
993.588,25.8,25.8,20.3,20.3,25.8,20.3,5.5
995.594,25.9,25.8,20.3,20.3,25.85,20.3,5.550000000000001
997.599,25.9,25.8,20.3,20.2,25.85,20.25,5.600000000000001
999.603,25.9,25.9,20.3,20.2,25.9,20.25,5.649999999999999
1001.61,25.9,25.9,20.3,20.2,25.9,20.25,5.649999999999999
1003.61,26.0,25.9,20.3,20.3,25.95,20.3,5.649999999999999
1005.61,26.0,25.9,20.3,20.3,25.95,20.3,5.649999999999999
1007.62,26.0,26.0,20.3,20.3,26.0,20.3,5.699999999999999
1009.62,26.0,26.0,20.3,20.3,26.0,20.3,5.699999999999999
1011.62,26.1,26.0,20.3,20.3,26.05,20.3,5.75
1013.63,26.1,26.0,20.3,20.3,26.05,20.3,5.75
1015.63,26.1,26.0,20.3,20.3,26.05,20.3,5.75
1017.63,26.1,26.1,20.3,20.3,26.1,20.3,5.800000000000001
1019.64,26.1,26.1,20.3,20.3,26.1,20.3,5.800000000000001
1021.64,26.2,26.1,20.3,20.3,26.15,20.3,5.849999999999998
1023.65,26.2,26.1,20.3,20.3,26.15,20.3,5.849999999999998
1025.65,26.2,26.2,20.3,20.3,26.2,20.3,5.899999999999999
1027.66,26.2,26.2,20.4,20.4,26.2,20.4,5.800000000000001
1029.66,26.3,26.2,20.4,20.4,26.25,20.4,5.850000000000001
1031.67,26.3,26.2,20.4,20.4,26.25,20.4,5.850000000000001
1033.67,26.3,26.3,20.4,20.4,26.3,20.4,5.900000000000002
1035.68,26.3,26.3,20.4,20.4,26.3,20.4,5.900000000000002
1037.68,26.4,26.3,20.4,20.4,26.35,20.4,5.950000000000003
1039.69,26.4,26.3,20.4,20.4,26.35,20.4,5.950000000000003
1041.69,26.4,26.4,20.4,20.4,26.4,20.4,6.0
1043.69,26.4,26.4,20.4,20.4,26.4,20.4,6.0
1045.7,26.5,26.4,20.4,20.4,26.45,20.4,6.050000000000001
1047.7,26.5,26.4,20.4,20.4,26.45,20.4,6.050000000000001
1049.71,26.5,26.5,20.4,20.4,26.5,20.4,6.100000000000001
1051.71,26.5,26.5,20.3,20.4,26.5,20.35,6.149999999999999
1053.71,26.6,26.5,20.3,20.4,26.55,20.35,6.199999999999999
1055.71,26.6,26.5,20.3,20.3,26.55,20.3,6.25
1057.72,26.6,26.6,20.3,20.3,26.6,20.3,6.300000000000001
1059.72,26.6,26.6,20.3,20.3,26.6,20.3,6.300000000000001
1061.73,26.6,26.6,20.3,20.3,26.6,20.3,6.300000000000001
1063.74,26.7,26.6,20.3,20.3,26.65,20.3,6.349999999999998
1065.74,26.7,26.6,20.3,20.3,26.65,20.3,6.349999999999998
1067.74,26.7,26.7,20.3,20.3,26.7,20.3,6.399999999999999
1069.75,26.7,26.7,20.3,20.3,26.7,20.3,6.399999999999999
1071.76,26.8,26.7,20.3,20.4,26.75,20.35,6.399999999999999
1073.76,26.8,26.7,20.3,20.4,26.75,20.35,6.399999999999999
1075.76,26.8,26.8,20.3,20.4,26.8,20.35,6.449999999999999
1077.77,26.8,26.8,20.4,20.4,26.8,20.4,6.400000000000002
1079.77,26.9,26.8,20.4,20.4,26.85,20.4,6.450000000000003
1081.78,26.9,26.8,20.4,20.4,26.85,20.4,6.450000000000003
1083.78,26.9,26.9,20.4,20.4,26.9,20.4,6.5
1085.79,26.9,26.9,20.3,20.4,26.9,20.35,6.549999999999997
1087.79,27.0,26.9,20.3,20.4,26.95,20.35,6.599999999999998
1089.8,27.0,26.9,20.4,20.4,26.95,20.4,6.550000000000001
1091.8,27.0,27.0,20.4,20.4,27.0,20.4,6.600000000000001
1093.81,27.0,27.0,20.4,20.4,27.0,20.4,6.600000000000001
1095.81,27.1,27.0,20.4,20.4,27.05,20.4,6.650000000000002
1097.82,27.1,27.0,20.4,20.4,27.05,20.4,6.650000000000002
1099.82,27.1,27.1,20.4,20.4,27.1,20.4,6.700000000000003
1101.83,27.1,27.1,20.4,20.4,27.1,20.4,6.700000000000003
1103.83,27.1,27.1,20.4,20.4,27.1,20.4,6.700000000000003
1105.84,27.2,27.1,20.4,20.4,27.15,20.4,6.75
1107.84,27.2,27.1,20.4,20.4,27.15,20.4,6.75
1109.84,27.2,27.2,20.4,20.4,27.2,20.4,6.800000000000001
1111.85,27.2,27.2,20.4,20.4,27.2,20.4,6.800000000000001
1113.86,27.3,27.2,20.4,20.4,27.25,20.4,6.850000000000001
1115.86,27.3,27.2,20.4,20.4,27.25,20.4,6.850000000000001
1117.86,27.3,27.3,20.4,20.4,27.3,20.4,6.900000000000002
1119.87,27.3,27.3,20.4,20.4,27.3,20.4,6.900000000000002
1121.87,27.4,27.3,20.4,20.4,27.35,20.4,6.950000000000003
1123.88,27.4,27.3,20.4,20.4,27.35,20.4,6.950000000000003
1125.88,27.4,27.4,20.4,20.4,27.4,20.4,7.0
1127.89,27.4,27.4,20.4,20.4,27.4,20.4,7.0
1129.89,27.5,27.4,20.4,20.4,27.45,20.4,7.050000000000001
1131.9,27.5,27.4,20.3,20.4,27.45,20.35,7.099999999999998
1133.9,27.5,27.5,20.3,20.4,27.5,20.35,7.149999999999999
1135.91,27.5,27.5,20.3,20.4,27.5,20.35,7.149999999999999
1137.91,27.5,27.5,20.3,20.3,27.5,20.3,7.199999999999999
1139.91,27.6,27.5,20.3,20.3,27.55,20.3,7.25
1141.92,27.6,27.5,20.3,20.3,27.55,20.3,7.25
1143.92,27.6,27.6,20.3,20.3,27.6,20.3,7.300000000000001
1145.93,27.6,27.6,20.3,20.3,27.6,20.3,7.300000000000001
1147.93,27.7,27.6,20.3,20.3,27.65,20.3,7.349999999999998
1149.94,27.7,27.6,20.3,20.3,27.65,20.3,7.349999999999998
1151.94,27.7,27.7,20.3,20.3,27.7,20.3,7.399999999999999
1153.95,27.7,27.7,20.3,20.3,27.7,20.3,7.399999999999999
1155.96,27.8,27.7,20.3,20.3,27.75,20.3,7.449999999999999
1157.96,27.8,27.7,20.3,20.3,27.75,20.3,7.449999999999999
1159.97,27.8,27.8,20.3,20.3,27.8,20.3,7.5
1161.97,27.8,27.8,20.3,20.3,27.8,20.3,7.5
1163.97,27.9,27.8,20.3,20.3,27.85,20.3,7.550000000000001
1165.98,27.9,27.8,20.3,20.3,27.85,20.3,7.550000000000001
1167.98,27.9,27.8,20.3,20.3,27.85,20.3,7.550000000000001
1169.99,27.9,27.9,20.3,20.3,27.9,20.3,7.599999999999998
1171.99,27.9,27.9,20.3,20.3,27.9,20.3,7.599999999999998
1174.0,28.0,27.9,20.3,20.3,27.95,20.3,7.649999999999999
1176.0,28.0,27.9,20.3,20.3,27.95,20.3,7.649999999999999
1178.0,28.0,28.0,20.3,20.3,28.0,20.3,7.699999999999999
1180.01,28.0,28.0,20.3,20.3,28.0,20.3,7.699999999999999
1182.01,28.1,28.0,20.3,20.3,28.05,20.3,7.75
1184.02,28.1,28.0,20.3,20.3,28.05,20.3,7.75
1186.02,28.1,28.1,20.3,20.3,28.1,20.3,7.800000000000001
1188.03,28.1,28.1,20.3,20.3,28.1,20.3,7.800000000000001
1190.03,28.2,28.1,20.3,20.3,28.15,20.3,7.849999999999998
1192.03,28.2,28.1,20.3,20.3,28.15,20.3,7.849999999999998
1194.04,28.2,28.2,20.3,20.3,28.2,20.3,7.899999999999999
1196.04,28.2,28.2,20.3,20.3,28.2,20.3,7.899999999999999
1198.05,28.2,28.2,20.3,20.3,28.2,20.3,7.899999999999999
1200.06,28.3,28.2,20.3,20.3,28.25,20.3,7.949999999999999
1202.06,28.3,28.2,20.3,20.3,28.25,20.3,7.949999999999999
1204.06,28.3,28.3,20.3,20.3,28.3,20.3,8.0
1206.07,28.3,28.3,20.3,20.3,28.3,20.3,8.0
1208.07,28.4,28.3,20.3,20.3,28.35,20.3,8.05
1210.07,28.4,28.3,20.3,20.3,28.35,20.3,8.05
1212.08,28.4,28.4,20.3,20.3,28.4,20.3,8.099999999999998
1214.09,28.4,28.4,20.3,20.3,28.4,20.3,8.099999999999998
1216.09,28.5,28.4,20.3,20.3,28.45,20.3,8.149999999999999
1218.09,28.5,28.4,20.3,20.3,28.45,20.3,8.149999999999999
1220.1,28.5,28.5,20.3,20.3,28.5,20.3,8.2
1222.1,28.5,28.5,20.3,20.3,28.5,20.3,8.2
1224.11,28.5,28.5,20.3,20.3,28.5,20.3,8.2
1226.11,28.6,28.5,20.3,20.3,28.55,20.3,8.25
1228.12,28.6,28.5,20.3,20.4,28.55,20.35,8.2
1230.12,28.6,28.6,20.3,20.4,28.6,20.35,8.25
1232.13,28.6,28.6,20.3,20.4,28.6,20.35,8.25
1234.13,28.7,28.6,20.3,20.4,28.65,20.35,8.299999999999997
1236.14,28.7,28.6,20.3,20.4,28.65,20.35,8.299999999999997
1238.14,28.7,28.7,20.3,20.4,28.7,20.35,8.349999999999998
1240.15,28.7,28.7,20.3,20.4,28.7,20.35,8.349999999999998
1242.15,28.8,28.7,20.3,20.4,28.75,20.35,8.399999999999999
1244.16,28.8,28.7,20.3,20.4,28.75,20.35,8.399999999999999
1246.16,28.8,28.8,20.3,20.4,28.8,20.35,8.45
1248.17,28.8,28.8,20.3,20.4,28.8,20.35,8.45
1250.17,28.8,28.8,20.3,20.4,28.8,20.35,8.45
1252.18,28.9,28.8,20.3,20.4,28.85,20.35,8.5
1254.18,28.9,28.8,20.3,20.4,28.85,20.35,8.5
1256.19,28.9,28.9,20.3,20.4,28.9,20.35,8.549999999999997
1258.19,28.9,28.9,20.3,20.4,28.9,20.35,8.549999999999997
1260.2,29.0,28.9,20.3,20.4,28.95,20.35,8.599999999999998
1262.2,29.0,28.9,20.3,20.4,28.95,20.35,8.599999999999998
1264.21,29.0,29.0,20.3,20.4,29.0,20.35,8.649999999999999
1266.21,29.0,29.0,20.3,20.4,29.0,20.35,8.649999999999999
1268.22,29.1,29.0,20.3,20.4,29.05,20.35,8.7
1270.22,29.1,29.0,20.4,20.4,29.05,20.4,8.650000000000002
1272.23,29.1,29.0,20.4,20.4,29.05,20.4,8.650000000000002
1274.23,29.1,29.1,20.4,20.4,29.1,20.4,8.700000000000003
1276.24,29.1,29.1,20.4,20.4,29.1,20.4,8.700000000000003
1278.24,29.2,29.1,20.4,20.4,29.15,20.4,8.75
1280.25,29.2,29.1,20.4,20.4,29.15,20.4,8.75
1282.25,29.2,29.2,20.3,20.4,29.2,20.35,8.849999999999998
1284.26,29.2,29.2,20.3,20.4,29.2,20.35,8.849999999999998
1286.26,29.3,29.2,20.3,20.4,29.25,20.35,8.899999999999999
1288.27,29.3,29.2,20.3,20.4,29.25,20.35,8.899999999999999
1290.27,29.3,29.3,20.3,20.4,29.3,20.35,8.95
1292.28,29.3,29.3,20.4,20.4,29.3,20.4,8.900000000000002
1294.28,29.3,29.3,20.3,20.4,29.3,20.35,8.95
1296.29,29.4,29.3,20.3,20.4,29.35,20.35,9.0
1298.29,29.4,29.3,20.3,20.4,29.35,20.35,9.0
1300.3,29.4,29.4,20.3,20.3,29.4,20.3,9.099999999999998
1302.3,29.4,29.4,20.3,20.3,29.4,20.3,9.099999999999998
1304.31,29.5,29.4,20.3,20.3,29.45,20.3,9.149999999999999
1306.31,29.5,29.4,20.3,20.3,29.45,20.3,9.149999999999999
1308.32,29.5,29.5,20.3,20.3,29.5,20.3,9.2
1310.33,29.5,29.5,20.3,20.3,29.5,20.3,9.2
1312.33,29.6,29.5,20.3,20.3,29.55,20.3,9.25
1314.34,29.6,29.5,20.3,20.3,29.55,20.3,9.25
1316.34,29.6,29.5,20.3,20.3,29.55,20.3,9.25
1318.35,29.6,29.6,20.3,20.3,29.6,20.3,9.3
1320.35,29.6,29.6,20.3,20.3,29.6,20.3,9.3
1322.36,29.7,29.6,20.3,20.3,29.65,20.3,9.349999999999998
1324.36,29.7,29.6,20.3,20.3,29.65,20.3,9.349999999999998
1326.37,29.7,29.7,20.3,20.3,29.7,20.3,9.399999999999999
1328.37,29.7,29.7,20.3,20.3,29.7,20.3,9.399999999999999
1330.38,29.8,29.7,20.3,20.3,29.75,20.3,9.45
1332.38,29.8,29.7,20.3,20.3,29.75,20.3,9.45
1334.38,29.8,29.8,20.3,20.3,29.8,20.3,9.5
